name,year,selling_price,km_driven,fuel,seller_type,transmission,owner
Maruti Dzire,2022,343900.0,87658.0,Diesel,Dealer,Manual,First Owner
Toyota Etios,2007,114000.0,120438.0,Diesel,,Manual,First Owner
Toyota Fortuner,2013,281500.0,88268.0,Petrol,Dealer,Automatic,Second Owner
Toyota Glanza,2007,128800.0,132821.0,Petrol,Individual,Manual,First Owner
Tata Tiago,2008,85600.0,85685.0,Diesel,Individual,Manual,
Ford EcoSport,2021,484600.0,97552.0,Petrol,Individual,Manual,First Owner
Renault Triber,2016,148600.0,113785.0,Petrol,Individual,Manual,First Owner
Maruti Baleno,2023,454400.0,78867.0,Diesel,Dealer,Manual,Test Drive Car
Honda WR-V,2013,214900.0,91748.0,Petrol,Dealer,Manual,First Owner
Audi A4,2005,207300.0,193575.0,CNG,Dealer,Automatic,Fourth & Above Owner
Nissan Terrano,2010,113000.0,74406.0,Diesel,Individual,Automatic,Third Owner
Chevrolet Cruze,2020,261600.0,31048.0,Petrol, Trustmark Dealer ,Manual,Third Owner
Honda Jazz,2021,366700.0,72186.0,LPG,Individual,Manual,First Owner
Renault Duster,2008,90900.0,29366.0,Petrol,Individual,Manual,
Audi Q3,2010,894300.0,110360.0,Diesel,Dealer,Automatic,First Owner
Toyota Corolla,2006,116700.0,,Diesel,Individual,MANUAL,First Owner
Volkswagen Vento,2021,400200.0,35513.0,Petrol,Individual,Manual,Third Owner
BMW X1,2016,1453700.0,71104.0,Diesel,Individual,Manual,First Owner
BMW 5 Series,2014,807800.0,159231.0,Diesel,individual,Manual,First Owner
Mahindra Bolero,2015,193300.0,143720.0,Petrol,Individual,Automatic,Third Owner
Honda City,2018,392600.0,27421.0,Diesel,dealer,Manual,Second Owner
Honda City,2014,137700.0,126360.0,Petrol,Individual,Manual,Fourth & Above Owner
Hyundai Grand i10,2007,76900.0,118261.0,Diesel,Individual,Manual,First Owner
Renault Triber,2022,,99221.0,Diesel,Individual,Automatic,First Owner
Renault Kwid,2015,151300.0,88762.0,Petrol,Dealer,manual,Third Owner
BMW 5 Series,2023,3070800.0,74926.0,Diesel,Dealer,Manual,First Owner
Tata Nexon,2022,526300.0,15669.0,Diesel,Individual,Manual,First Owner
Maruti Dzire,2005,37700.0,188070.0,CNG,Individual,Manual,First Owner
Volkswagen Ameo,2014,197600.0,120268.0,Diesel,Individual,Manual,Test Drive Car
BMW 5 Series,2021,2480400.0,36821.0,Petrol,Individual,Manual,First Owner
Honda Civic,2008,119400.0,130517.0,Diesel,Individual,Automatic,First Owner
Ford Aspire,2019,312000.0,101593.0,Petrol,Individual,Automatic,First Owner
Hyundai Verna,2021,,24707.0,Petrol,Individual,manual,Third Owner
Skoda Rapid,2022,579500.0,87214.0,Petrol,Individual,Manual,First Owner
Nissan Terrano,2005,37900.0,130478.0,CNG,Individual,Manual,Test Drive Car
Renault Triber,2013,,62518.0,Petrol,Dealer,manual,First Owner
Skoda Octavia,2012,184500.0,110256.0,Petrol,Individual,Manual,First Owner
Renault Triber,2008,,180569.0,Diesel,Dealer,Manual,Second Owner
Maruti Baleno,2007,76100.0,113543.0,Diesel,Individual,Manual,First Owner
Tata Safari,2008,60800.0,170545.0,lpg,Individual,Automatic,First Owner
Mercedes-Benz E-Class,2014,1065400.0,110853.0, Diesel ,Individual,Manual,Second Owner
Honda City,2016,222600.0,102252.0,Petrol,Individual,manual,First Owner
Skoda Rapid,2023,642600.0,78925.0,CNG,Dealer,Manual,Second Owner
Mercedes-Benz C-Class,2008,643900.0,133517.0,Diesel,Dealer,Manual,First Owner
Maruti Vitara Brezza,2016,307200.0,500.0,CNG,Trustmark Dealer,Automatic,First Owner
Volkswagen Ameo,2007,,84474.0,Petrol,Individual,Automatic,Second Owner
Audi A4,2008,476700.0,122851.0,Diesel,Individual,Manual,Second Owner
Chevrolet Cruze,2006,55600.0,112287.0,Diesel,Individual,Manual,First Owner
Tata Altroz,2009,73700.0,,Petrol,Individual,Manual,Second Owner
Chevrolet Cruze,2022,422500.0,29106.0,Diesel,Dealer,Manual,First Owner
Ford EcoSport,2011,104900.0,115584.0,Petrol,Dealer,Manual,Fourth & Above Owner
Skoda Octavia,2012,191300.0,133789.0,Diesel,Individual,Manual,First Owner
Chevrolet Beat,2019,303200.0,80144.0,Petrol,Individual,Automatic,First Owner
Hyundai Creta,2010,97200.0,134684.0,Diesel,Trustmark Dealer,Manual,First Owner
Audi A6,2017,1272500.0,93659.0,Petrol,Dealer,Manual,Third Owner
Honda Amaze,2012,169300.0,110714.0,Petrol,Individual,Automatic,First Owner
Maruti WagonR,2023,394700.0,46878.0,Diesel,,Manual,Third Owner
Audi A4,2005,456000.0,54787.0,Petrol,Individual,Manual,First Owner
Maruti Ertiga,2011,92100.0,146283.0,Petrol,INDIVIDUAL,Manual,First Owner
Renault Duster,2023,405600.0,42235.0,Petrol,DEALER,Manual,Second Owner
Maruti Baleno,2009,127500.0,38108.0,Petrol,Individual,Manual,Test Drive Car
Maruti Swift,2010,105200.0,143509.0,Diesel,Dealer, Automatic ,First Owner
Maruti Dzire,2006,55300.0,139705.0,Diesel,Dealer,Manual,Third Owner
Audi A4,2014,1162600.0,41145.0,Petrol,INDIVIDUAL,Automatic,Fourth & Above Owner
Hyundai i20,2014,192800.0,69143.0,Diesel,Individual,Manual,
Honda Civic,2021,655400.0,56564.0,Diesel,Individual,Automatic,Test Drive Car
Honda WR-V,2007,91400.0,134301.0,Diesel,Dealer, Manual ,First Owner
Skoda Superb,2016,269300.0,119179.0,Petrol,Individual,Manual,First Owner
Skoda Superb,2021,,101598.0,Petrol,Individual,Manual,Third Owner
Hyundai Grand i10,2021,439500.0,83311.0,Petrol,Individual,Automatic,First Owner
Skoda Superb,2015,257300.0,75445.0,Diesel,Individual,Manual,First Owner
Nissan Sunny,2006,71700.0,72360.0,Diesel,Individual,manual,First Owner
Ford Endeavour,2009,140900.0,65148.0,Diesel,Trustmark Dealer,Manual,Third Owner
Maruti Baleno,2006,54700.0,123455.0,Diesel,Individual,Manual,Third Owner
Skoda Superb,2009,142400.0,58467.0,Petrol,Individual,Manual,First Owner
Volkswagen Vento,2013,175600.0,120516.0,Diesel,Individual, Manual ,First Owner
Maruti Dzire,2006,38400.0,150671.0,CNG,Dealer,Manual,Fourth & Above Owner
Honda Civic,2011,113700.0,152745.0,Diesel,Individual,Manual,Second Owner
Volkswagen Polo,2016,270700.0,500.0,Petrol,Dealer,Manual,Second Owner
Mahindra Thar,2017,313100.0,100230.0,Petrol,Dealer,Manual,Second Owner
Maruti Vitara Brezza,2020,244500.0,57907.0,PETROL,Individual,Manual,Second Owner
Nissan Micra,2018,227300.0,118830.0,Petrol,Trustmark Dealer,Automatic,Second Owner
Chevrolet Beat,2015,155400.0,91039.0,Diesel,Individual,Manual,Second Owner
Skoda Superb,2011,,73834.0,CNG,Individual,Manual,First Owner
Tata Safari,2014,162100.0,134875.0,cng,Individual,Automatic,First Owner
BMW 3 Series,2011,709100.0,124132.0,Petrol,Dealer,Manual,First Owner
Audi A6,2005,325400.0,177828.0,Petrol,Individual,Automatic,First Owner
Renault Triber,2017,161100.0,57836.0,LPG,Individual,Manual,Second Owner
Toyota Fortuner,2017,282800.0,136327.0,Diesel,Dealer,Manual,First Owner
Toyota Etios,2023,671400.0,92029.0,Diesel,Dealer,Manual,First Owner
Honda Jazz,2017,270000.0,106321.0,Petrol,Individual,Manual,First Owner
Toyota Corolla,2016,362600.0,13773.0,Petrol, Individual ,Manual,First Owner
Audi A6,2012,923000.0,121849.0,Diesel,Individual,Manual,First Owner
Mahindra Thar,2007,83600.0,140836.0,Petrol,Individual,Manual,First Owner
Hyundai Verna,2018,323500.0,49436.0,Petrol,Individual,Automatic,Second Owner
Ford Figo,2009,,138147.0,Petrol,Individual,Manual,First Owner
Maruti WagonR,2023,501000.0,41051.0,Diesel,Individual,Automatic,First Owner
Volkswagen Polo,2008,48800.0,172909.0,LPG,Individual,Manual,Second Owner
Mercedes-Benz C-Class,2013,1173000.0,99732.0,Petrol,Individual,Automatic,First Owner
Mahindra XUV300,2023,535900.0,86055.0,CNG,Dealer,Manual,First Owner
Audi Q3,2018,1904300.0,77758.0,Petrol,Dealer,Automatic,First Owner
Maruti WagonR,2014,167900.0,77468.0,CNG,Trustmark Dealer,Manual,First Owner
Ford Figo,2022,345300.0,143435.0,Petrol,DEALER,Manual,Second Owner
Ford Figo,2011,133000.0,172123.0,Diesel,Dealer,Automatic,First Owner
Volkswagen Polo,2019,279800.0,93832.0,LPG,Dealer,Manual,First Owner
Toyota Innova,2022,766400.0,500.0,Petrol,Individual,Manual,First Owner
Skoda Octavia,2021,547800.0,76552.0,Diesel,Individual,Manual,First Owner
Ford Aspire,2013,156500.0,94880.0,Diesel,Dealer,Manual,Second Owner
Renault Triber,2007,57600.0,135603.0,Petrol,Dealer,Manual,First Owner
BMW X3,2010,482200.0,182621.0,Diesel,Individual,Manual,Second Owner
Honda City,2008,78100.0,203264.0,Diesel,trustmark dealer,Manual,First Owner
Audi Q3,2006,270500.0,161694.0,Petrol,Individual,Manual,Fourth & Above Owner
Maruti WagonR,2013,149500.0,94556.0,Petrol,Dealer,Automatic,Second Owner
Audi A4,2014,693900.0,99951.0,Petrol,Individual,Manual,Fourth & Above Owner
Skoda Rapid,2013,262900.0,95598.0,Petrol,Trustmark Dealer,manual,First Owner
Audi Q3,2007,492800.0,179214.0,Diesel,Individual,Automatic,Test Drive Car
Maruti Vitara Brezza,2007,64300.0,126622.0,Petrol,Dealer,Manual,Second Owner
Mercedes-Benz E-Class,2017,1742100.0,135901.0,DIESEL,Trustmark Dealer,Manual,First Owner
Ford Endeavour,2019,262600.0,136381.0,Petrol,Individual,Manual,First Owner
Nissan Sunny,2006,56800.0,92318.0,LPG, Dealer ,Manual,Test Drive Car
Mercedes-Benz C-Class,2017,1110200.0,125392.0,LPG,Individual,Manual,First Owner
Maruti WagonR,2012,93900.0,159860.0,Diesel,Individual,Manual,First Owner
Audi Q3,2018,1258000.0,139745.0,Petrol,Individual,Manual,First Owner
Chevrolet Cruze,2019,314900.0,14412.0,Petrol,Dealer,Manual,First Owner
Nissan Sunny,2012,161100.0,81729.0,Diesel,Dealer,MANUAL,First Owner
Chevrolet Cruze,2022,406500.0,26568.0,Petrol,Dealer, Automatic ,Fourth & Above Owner
Volkswagen Polo,2013,196600.0,73841.0,Petrol,Dealer,Manual,First Owner
Honda City,2014,227500.0,155045.0,Petrol,Dealer,Automatic,First Owner
Volkswagen Vento,2019,372900.0,,Petrol,Dealer,Manual,First Owner
Volkswagen Vento,2009,72300.0,155430.0,CNG,Individual,Manual,First Owner
Tata Safari,2019,312600.0,78202.0, Diesel ,Individual,Manual,First Owner
Mercedes-Benz E-Class,2006,396100.0,98625.0,Petrol,Individual,Manual,Third Owner
Nissan Micra,2005,42600.0,160860.0,Petrol,Dealer,Manual,Third Owner
Ford EcoSport,2010,116800.0,98940.0,PETROL,Individual,Automatic,Second Owner
Chevrolet Beat,2014,140900.0,95174.0,Petrol,Individual,Manual,First Owner
Audi A4,2013,960500.0,106467.0,Petrol,individual,Manual,First Owner
Toyota Etios,2015,215100.0,134227.0,Petrol,Individual, Manual ,First Owner
Audi A4,2011,643900.0,176625.0,Petrol,Individual,Manual,First Owner
Skoda Octavia,2006,118000.0,74282.0,Diesel,Dealer,Automatic,Third Owner
Ford Figo,2015,200300.0,157026.0,Diesel,Dealer,Manual,First Owner
Skoda Octavia,2007,112400.0,46433.0,Petrol,Individual,Automatic,Third Owner
BMW X3,2020,1651400.0,101602.0,,Dealer,Manual,Second Owner
Mercedes-Benz C-Class,2009,506100.0,130235.0, Petrol ,Dealer,Manual,Second Owner
Skoda Rapid,2009,158600.0,118358.0,Petrol,Dealer,Automatic,First Owner
Tata Altroz,2017,221100.0,104809.0,Diesel,individual,manual,First Owner
Skoda Rapid,2017,339600.0,66711.0,Petrol,Individual,Manual,First Owner
BMW X1,2007,490800.0,110771.0,Petrol,INDIVIDUAL,Manual,First Owner
Tata Tiago,2006,53200.0,173716.0,Petrol,Trustmark Dealer,Manual,Third Owner
Ford Aspire,2018,309200.0,91067.0,Petrol, Individual ,Manual,First Owner
Hyundai Creta,2021,481600.0,39532.0,,Individual,Manual,First Owner
Honda City,2021,298500.0,151147.0,Petrol,Individual,Manual,Second Owner
Renault Kwid,2005,43900.0,141282.0,Petrol,Dealer,Manual,First Owner
Hyundai Santro,2016,205000.0,107328.0,Petrol,Dealer,Manual,First Owner
Nissan Terrano,2005,64100.0,93131.0,Petrol,Individual,Manual,First Owner
Honda Amaze,2016,259600.0,83730.0,Petrol,Individual,Manual,First Owner
Tata Harrier,2018,306300.0,65583.0,Petrol,Trustmark Dealer,Manual,First Owner
Mahindra XUV500,2014,210500.0,85285.0,Diesel,Individual,Manual,Third Owner
BMW X3,2023,2564300.0,115799.0,Petrol,Individual,Manual,First Owner
Mahindra Bolero,2017,253100.0,127531.0,Petrol,Individual,Manual,Second Owner
Honda WR-V,2013,211800.0,39224.0,Diesel,Dealer,Manual,First Owner
Mercedes-Benz E-Class,2006,434500.0,3646625.0,Diesel,Individual,Automatic,Second Owner
Ford EcoSport,2015,244300.0,40940.0,Petrol,Individual,Manual,Second Owner
Toyota Etios,2006,129400.0,117284.0,Petrol,Dealer,manual,First Owner
Mahindra Bolero,2020,571800.0,88893.0,Petrol,Trustmark Dealer,Automatic,First Owner
Nissan Terrano,2009,69000.0,123728.0,PETROL,Individual,Automatic,Second Owner
Toyota Glanza,2022,,108228.0,Petrol,Individual,Automatic,First Owner
Hyundai Verna,2009,92000.0,96485.0,Petrol,Dealer,Manual,Third Owner
Renault Duster,2011,104700.0,84852.0,Petrol,Dealer,MANUAL,First Owner
Hyundai Verna,2005,57300.0,133937.0,Diesel,Individual,Manual,Second Owner
BMW 5 Series,2009,802700.0,88865.0,Diesel,Trustmark Dealer,Automatic,First Owner
Renault Kwid,2019,235400.0,130552.0,Diesel,Dealer,Manual,Second Owner
Audi A4,2015,1301600.0,88514.0,Diesel,Individual,Manual,Second Owner
Mercedes-Benz GLA,2018,1601500.0,118285.0,PETROL,Individual,Manual,First Owner
Tata Altroz,2009,84300.0,137164.0,Diesel,Individual,Manual,First Owner
Ford Endeavour,2020,302800.0,136813.0,Petrol,Individual,Manual,First Owner
Volkswagen Vento,2010,115100.0,137678.0,Petrol,Individual,Manual,First Owner
Nissan Sunny,2020,342500.0,55118.0,Diesel,dealer,manual,First Owner
Skoda Octavia,2010,152800.0,163166.0,Diesel,Dealer,Automatic,Third Owner
Ford Aspire,2015,161400.0,69442.0,LPG,Dealer,Manual,Second Owner
Tata Nexon,2020,394200.0,60206.0,Diesel,Individual,Automatic,First Owner
Nissan Terrano,2014,112600.0,99196.0,Diesel,Individual,Manual,Second Owner
BMW 3 Series,2021,2749600.0,44866.0,Diesel,Individual,Automatic,Second Owner
Tata Harrier,2005,62700.0,150741.0,Diesel,Individual,Manual,First Owner
Toyota Fortuner,2021,708400.0,30726.0,Petrol,Individual,Automatic,Second Owner
Skoda Superb,2022,450600.0,144117.0, Petrol ,Individual,Manual,First Owner
Mahindra Thar,2007,111000.0,76935.0,Petrol,Individual,Manual,Second Owner
Hyundai Grand i10,2017,293500.0,72214.0,diesel,Dealer,Manual,Test Drive Car
Volkswagen Ameo,2015,243100.0,66738.0,CNG,Dealer,Manual,First Owner
Chevrolet Spark,2006,,178417.0,Diesel,Individual,Manual,First Owner
Honda Civic,2020,420400.0,37566.0,Diesel,Individual,Manual,Fourth & Above Owner
Honda Amaze,2006,74600.0,153349.0,Petrol,Dealer,Manual,First Owner
Renault Triber,2007,57600.0,135603.0,Petrol,Dealer,Manual,First Owner
Chevrolet Cruze,2011,85100.0,139678.0,Diesel, Individual ,Manual,Third Owner
Tata Altroz,2011,111000.0,113862.0,Petrol,Dealer,Manual,First Owner
Skoda Rapid,2013,226700.0,49082.0,Diesel,Individual,manual,First Owner
Volkswagen Vento,2017,288000.0,87220.0,petrol,Dealer,Manual,First Owner
Hyundai i20,2015,179900.0,121258.0,Diesel,Dealer,Manual,Second Owner
Tata Nexon,2009,118200.0,91427.0, Petrol ,Trustmark Dealer,Automatic,Second Owner
Honda Jazz,2015,213500.0,134321.0,Diesel,Individual,Manual,First Owner
Maruti Ertiga,2015,185800.0,116545.0,Petrol,Individual,Automatic,Second Owner
Audi Q3,2010,922400.0,99565.0,,Trustmark Dealer,Automatic,First Owner
Nissan Micra,2021,395900.0,59111.0,Petrol,Dealer,Manual,First Owner
Honda Jazz,2023,704500.0,15642.0,Diesel,Dealer,Manual,First Owner
Chevrolet Beat,2018,198900.0,90186.0,Petrol,Individual,Manual,First Owner
Ford Endeavour,2005,75900.0,137256.0,Petrol,Dealer,Manual,First Owner
Chevrolet Beat,2014,182700.0,55918.0,Petrol,Individual,Automatic,First Owner
Honda WR-V,2010,116200.0,140187.0,Petrol,Individual,Manual,First Owner
Tata Nexon,2007,62400.0,164842.0,Petrol,Individual,Automatic,First Owner
Skoda Rapid,2015,309100.0,,Diesel,Individual,Automatic,Second Owner
Ford Figo,2019,254300.0,137475.0,LPG,Individual,Manual,First Owner
Volkswagen Ameo,2017,294400.0,73035.0,Petrol,,Automatic,First Owner
BMW 3 Series,2016,1064700.0,98180.0,Petrol,Individual,Manual,Fourth & Above Owner
Mahindra XUV500,2013,212200.0,47332.0,Petrol,Dealer,Manual,Third Owner
BMW X3,2012,851300.0,48098.0,Diesel,Dealer,manual,Third Owner
Nissan Micra,2010,87800.0,114158.0,Petrol,Individual,Manual,First Owner
BMW 3 Series,2023,3168100.0,49756.0,Petrol,Individual,Manual,First Owner
Chevrolet Beat,2019,289300.0,72763.0,Petrol,Dealer, Manual ,First Owner
Renault Duster,2020,243700.0,82903.0,Diesel,,Manual,First Owner
Tata Harrier,2015,183900.0,84871.0,LPG,Dealer,Automatic,Second Owner
Mercedes-Benz E-Class,2017,2100800.0,136035.0,ELECTRIC,Trustmark Dealer,Manual,First Owner
Maruti Vitara Brezza,2019,290500.0,77542.0,Petrol,individual,Manual,First Owner
Tata Tiago,2012,123400.0,120447.0,CNG,Dealer,Manual,Second Owner
Nissan Sunny,2018,362700.0,24620.0,DIESEL,Trustmark Dealer,Manual,Test Drive Car
Maruti Swift,2011,119300.0,123619.0,Petrol,Dealer,Automatic,Test Drive Car
Tata Safari,2005,61700.0,108822.0,Diesel,dealer,Manual,Second Owner
BMW X3,2015,1383800.0,32559.0,Petrol,Dealer,Manual,First Owner
Mercedes-Benz E-Class,2005,422900.0,148209.0,electric,Dealer,Manual,Second Owner
Ford EcoSport,2019,384500.0,123184.0,Diesel,Individual,Manual,First Owner
Audi Q3,2010,654200.0,148397.0,Diesel,dealer,Manual,First Owner
Honda WR-V,2022,508100.0,142342.0,Petrol,Individual,Automatic,First Owner
Maruti Alto,2014,,105295.0,Petrol,Individual,Manual,Fourth & Above Owner
Maruti WagonR,2016,211200.0,85032.0,Diesel,Dealer,MANUAL,First Owner
Renault Duster,2020,283400.0,42989.0,CNG,Individual,Automatic,First Owner
Mercedes-Benz C-Class,2011,933700.0,104475.0,DIESEL, Individual ,Manual,First Owner
Renault Duster,2018,227900.0,43527.0,Diesel,Dealer,Manual,Second Owner
Maruti Baleno,2021,255400.0,61050.0,CNG,Dealer,Manual,Third Owner
Maruti Vitara Brezza,2018,201700.0,105432.0,Petrol,Individual,Manual,First Owner
Honda City,2008,67600.0,178291.0,lpg,Individual,Manual,
Mercedes-Benz E-Class,2012,838000.0,133405.0,Petrol,Trustmark Dealer,Manual,Second Owner
Tata Harrier,2019,259000.0,119406.0,LPG,Dealer,Manual,First Owner
Ford Aspire,2008,98400.0,153474.0,,, Automatic ,Second Owner
Nissan Terrano,2006,59700.0,137527.0,Petrol,Individual, Automatic ,Second Owner
Audi A4,2023,2107300.0,63076.0,CNG,Individual,Manual,Second Owner
Skoda Octavia,2018,374600.0,33680.0,Diesel,INDIVIDUAL,Manual,
Nissan Terrano,2019,210100.0,141462.0,Petrol,Trustmark Dealer,Manual,Third Owner
Chevrolet Cruze,2009,68500.0,141280.0,Petrol,dealer,Manual,Second Owner
Audi A6,2016,1227700.0,114254.0,Diesel,Individual, Manual ,Second Owner
Mercedes-Benz GLA,2019,2312100.0,118613.0,Diesel,Individual,Automatic,First Owner
Ford Endeavour,2019,335300.0,104919.0,Petrol,Dealer,Manual,First Owner
Nissan Micra,2019,281100.0,121514.0,Diesel,Individual,Manual,First Owner
Tata Safari,2015,217000.0,106637.0,Diesel,Dealer,Manual,First Owner
Maruti WagonR,2017,189300.0,104566.0,Petrol,Individual,Manual,First Owner
Renault Triber,2019,168100.0,101628.0,LPG,Individual,MANUAL,Third Owner
Hyundai Venue,2015,197500.0,125019.0,Diesel,Trustmark Dealer,Manual,Second Owner
Honda Jazz,2011,133300.0,132473.0,Diesel,Individual,MANUAL,First Owner
Maruti WagonR,2014,127000.0,136482.0,Petrol,Individual,Manual,First Owner
Maruti WagonR,2012,80900.0,123185.0,Petrol,Individual,Manual,Third Owner
Maruti Alto,2018,264600.0,, Diesel ,Dealer,Manual,First Owner
Toyota Corolla,2007,81200.0,162059.0,Petrol,Individual,Manual,First Owner
Toyota Etios,2007,104400.0,118748.0,Petrol,Individual,Manual,Test Drive Car
Honda WR-V,2008,87300.0,94989.0,Diesel,Dealer,Manual,Fourth & Above Owner
Hyundai Santro,2014,244100.0,56465.0,Petrol,Dealer,Manual,
Maruti Vitara Brezza,2012,83500.0,141836.0, CNG ,Individual,Manual,Second Owner
BMW 3 Series,2014,966400.0,94709.0,Petrol,Dealer,Manual,Second Owner
Renault Kwid,2005,42900.0,134236.0,Petrol,INDIVIDUAL, Manual ,Second Owner
BMW X3,2007,452900.0,147927.0,Petrol, Dealer ,Automatic,Third Owner
BMW 3 Series,2017,1475000.0,75476.0,Petrol,Individual,Manual,Second Owner
Volkswagen Vento,2012,182800.0,16242.0,Petrol,Dealer,Manual,First Owner
Nissan Micra,2005,46600.0,173416.0,Petrol,Dealer,Manual,First Owner
Tata Nexon,2019,497700.0,32425.0,Electric,,Automatic,First Owner
BMW 3 Series,2021,2418700.0,91689.0, Petrol ,Individual,Automatic,Second Owner
Chevrolet Spark,2005,45600.0,124660.0,Petrol,Individual,Manual,Second Owner
Skoda Superb,2015,241500.0,121593.0,Petrol,Trustmark Dealer,Manual,First Owner
Hyundai Santro,2014,184700.0,106199.0,Petrol,Individual,Automatic,First Owner
Chevrolet Spark,2016,124300.0,108077.0,PETROL,Individual,Manual,
Nissan Sunny,2019,264400.0,69388.0,Petrol,Individual,Manual,Second Owner
Volkswagen Ameo,2007,74200.0,142889.0,Diesel,Individual,Manual,Third Owner
Hyundai i20,2012,132800.0,120991.0,Petrol, Dealer ,Manual,Second Owner
Nissan Micra,2015,180400.0,131702.0,Diesel,Dealer,Manual,First Owner
Mahindra Scorpio,2006,117400.0,98439.0,Diesel,Dealer,Manual,First Owner
Volkswagen Polo,2008,72400.0,171522.0,PETROL,Individual,Manual,First Owner
Renault Kwid,2019,350300.0,500.0,Petrol,Dealer,Manual,First Owner
Mercedes-Benz GLA,2008,453400.0,139414.0,Petrol,Individual,Manual,Second Owner
Tata Nexon,2015,102100.0,179743.0,Petrol,Individual,Manual,Third Owner
Mahindra Bolero,2008,163700.0,52569.0,Diesel,Dealer,Manual,Second Owner
Volkswagen Vento,2015,218300.0,97635.0, Diesel ,Individual,MANUAL,First Owner
Hyundai Venue,2018,245000.0,57204.0,Diesel,Individual,manual,Fourth & Above Owner
Toyota Glanza,2021,659800.0,52246.0,LPG,TRUSTMARK DEALER,Manual,First Owner
Chevrolet Cruze,2007,74100.0,78251.0,PETROL,Dealer,Manual,Second Owner
BMW 5 Series,2009,505900.0,,Diesel,Dealer,manual,First Owner
Hyundai Creta,2009,92200.0,155445.0,Diesel,Individual,Automatic,Second Owner
Mercedes-Benz C-Class,2017,1524300.0,118998.0,Diesel,Trustmark Dealer,Automatic,First Owner
Mercedes-Benz C-Class,2017,1601900.0,105738.0,Diesel,Individual, Manual ,First Owner
Volkswagen Polo,2022,549200.0,33537.0,Petrol,Trustmark Dealer,Manual,First Owner
Toyota Fortuner,2007,106700.0,125841.0,Diesel,Individual,Manual,First Owner
Renault Triber,2005,49600.0,88927.0,Petrol,Individual,Manual,Third Owner
Nissan Sunny,2012,152100.0,90975.0,Petrol,Individual,Automatic,First Owner
Maruti Swift,2006,60300.0,140662.0,Diesel,Dealer,Manual,First Owner
Volkswagen Ameo,2013,159400.0,106522.0,LPG,Dealer,Manual,First Owner
Toyota Glanza,2011,149300.0,132004.0,Petrol,Dealer,Manual,First Owner
Skoda Rapid,2011,195600.0,139532.0,Diesel,Dealer,Automatic,Second Owner
Renault Triber,2007,51900.0,140397.0,Diesel,Dealer, Manual ,Second Owner
Hyundai Creta,2017,277500.0,101756.0,CNG,Dealer,Automatic,First Owner
Skoda Rapid,2015,280500.0,105936.0,CNG,Dealer,Automatic,First Owner
Skoda Superb,2021,487800.0,95212.0,Diesel,Individual,Manual,First Owner
Toyota Innova,2016,365600.0,,Diesel,Dealer,Manual,First Owner
Toyota Etios,2020,514800.0,52701.0,,Dealer,Manual,Third Owner
Hyundai Creta,2006,81700.0,108177.0,Diesel,Individual,Automatic,First Owner
Ford Aspire,2022,740900.0,4642.0,Diesel,Dealer,Automatic,First Owner
Maruti Alto,2011,103800.0,164058.0,Diesel,Individual,Automatic,
Volkswagen Vento,2010,105300.0,108648.0, Petrol ,Dealer,Manual,Second Owner
Hyundai Verna,2009,93000.0,121885.0,Diesel,Individual,Manual,First Owner
Ford EcoSport,2009,100400.0,119635.0,Diesel,Dealer,Manual,Second Owner
Ford EcoSport,2008,92100.0,124710.0,Petrol,Individual,Manual,First Owner
Tata Safari,2012,139600.0,108322.0,Diesel,Individual,Manual,First Owner
Renault Triber,2019,209800.0,123160.0,Petrol,Dealer,Manual,Second Owner
Maruti Alto,2023,509700.0,50654.0,Diesel, Individual ,Automatic,First Owner
Ford Figo,2023,572600.0,92487.0,Diesel,INDIVIDUAL,Automatic,First Owner
Chevrolet Beat,2010,81800.0,82101.0,Diesel,Trustmark Dealer,Manual,Fourth & Above Owner
Chevrolet Beat,2010,60400.0,171138.0,Petrol,Individual,Manual,First Owner
BMW 3 Series,2019,2402900.0,500.0,Diesel,Individual,Manual,First Owner
Mercedes-Benz C-Class,2014,729000.0,148471.0,Petrol,Dealer,Manual,Fourth & Above Owner
Renault Duster,2013,144400.0,77318.0,Petrol,Trustmark Dealer,Automatic,Third Owner
Toyota Etios,2008,100700.0,104093.0,Petrol,Individual,manual,Third Owner
Skoda Rapid,2011,183800.0,103776.0,diesel,Individual,Manual,First Owner
Volkswagen Vento,2009,82400.0,129890.0,CNG,Individual,Manual,Second Owner
Hyundai i20,2006,59300.0,169252.0,petrol,Individual,Manual,First Owner
Renault Duster,2021,218100.0,113134.0,Petrol,Dealer,Manual,Fourth & Above Owner
Volkswagen Vento,2015,264200.0,87923.0,Electric,Individual,Manual,First Owner
Audi Q3,2021,2148400.0,100342.0,Diesel,Individual,Manual,Test Drive Car
Mercedes-Benz GLA,2006,514700.0,142175.0,Diesel,Dealer,Manual,First Owner
Nissan Micra,2009,90500.0,99507.0,CNG,Individual,Automatic,First Owner
Chevrolet Spark,2006,49000.0,156131.0, Petrol ,Dealer,Manual,First Owner
Skoda Superb,2016,338000.0,,Petrol,Dealer,MANUAL,First Owner
Toyota Glanza,2017,352700.0,85498.0,Petrol,Individual,manual,First Owner
Tata Nexon,2023,482000.0,46749.0,Petrol,Dealer,Automatic,Second Owner
Toyota Glanza,2014,189800.0,124068.0,Diesel,Individual,Manual,Third Owner
Toyota Corolla,2023,921800.0,4066.0,PETROL,Dealer,Automatic,Second Owner
Skoda Octavia,2021,614100.0,48399.0,Petrol,Individual,Manual,First Owner
Tata Harrier,2021,341200.0,63166.0,Petrol,Dealer,Manual,Second Owner
Mercedes-Benz GLA,2022,2489300.0,71346.0,Petrol,Dealer,Manual,Third Owner
Maruti Swift,2019,203400.0,80252.0,Petrol,Individual,Manual,Fourth & Above Owner
Volkswagen Polo,2012,132300.0,124109.0,Diesel,Individual,Manual,Second Owner
Mercedes-Benz E-Class,2013,1228500.0,142083.0,Petrol,Trustmark Dealer,Automatic,First Owner
Renault Duster,2010,82200.0,96862.0,Petrol,Individual,Manual,Second Owner
Toyota Etios,2008,115000.0,132990.0,Petrol,Individual,Manual,First Owner
Skoda Rapid,2013,144300.0,139445.0,Petrol,Individual,Manual,Third Owner
Ford EcoSport,2005,69500.0,152974.0,Diesel,,Manual,First Owner
Ford Aspire,2014,185800.0,66795.0,Diesel,Individual,Manual,Third Owner
Honda WR-V,2016,224800.0,37920.0,Petrol,Trustmark Dealer,Manual,Third Owner
Tata Safari,2011,173500.0,65129.0,Electric,Individual,AUTOMATIC,Second Owner
Nissan Micra,2014,172200.0,58497.0,Petrol,Individual,manual,First Owner
Maruti WagonR,2019,282800.0,53368.0,Diesel,Individual,Manual,Second Owner
Nissan Micra,2016,186200.0,62640.0, Petrol ,Individual,Manual,Third Owner
Volkswagen Ameo,2010,127800.0,72821.0,Diesel,Individual,Manual,Second Owner
Mahindra Scorpio,2007,127800.0,164259.0,Petrol,Individual,AUTOMATIC,First Owner
Renault Kwid,2007,57600.0,128598.0,Petrol,Individual,Manual,First Owner
Toyota Innova,2015,163900.0,205084.0,Petrol,INDIVIDUAL,Manual,Second Owner
Hyundai Creta,2013,124900.0,154701.0,Petrol,Dealer,Manual,Second Owner
Mahindra Bolero,2013,181600.0,112909.0,CNG,Individual,Automatic,First Owner
Volkswagen Vento,2006,41900.0,188874.0,Petrol,Dealer,Manual,Third Owner
Volkswagen Polo,2007,82300.0,111917.0,Diesel,Dealer,Manual,First Owner
BMW 3 Series,2007,479100.0,122885.0,Petrol,INDIVIDUAL, Automatic ,Second Owner
Maruti Baleno,2009,98900.0,84992.0,Diesel,Individual,Manual,First Owner
Toyota Glanza,2007,102600.0,156166.0,,Individual,Manual,Second Owner
Tata Altroz,2005,67400.0,119517.0,Diesel,Trustmark Dealer,Manual,First Owner
Ford Endeavour,2019,436100.0,36769.0,Petrol,Individual,Automatic,First Owner
Renault Kwid,2005,38200.0,172249.0,Diesel,Dealer,Manual,Third Owner
Hyundai Grand i10,2014,162300.0,139078.0,Diesel,Dealer,Manual,First Owner
Honda WR-V,2015,259100.0,76509.0,Petrol,Individual,Manual,First Owner
Mahindra Bolero,2018,289300.0,119328.0,Petrol,Individual,Manual,Second Owner
Volkswagen Polo,2018,264000.0,115401.0,Petrol,Individual,Manual,First Owner
Maruti Vitara Brezza,2015,175500.0,64930.0,,Individual,Manual,First Owner
Renault Duster,2006,44800.0,139506.0,CNG,Individual,Manual,First Owner
Skoda Superb,2022,776800.0,63959.0,Petrol,Individual,Automatic,Test Drive Car
Mahindra XUV300,2005,59500.0,,Diesel,Individual,Manual,Second Owner
Renault Triber,2016,169900.0,94223.0,Petrol,Trustmark Dealer,manual,Second Owner
Audi A4,2012,631500.0,87506.0,LPG,dealer,Manual,Third Owner
Hyundai Grand i10,2020,295400.0,84806.0,LPG, Dealer ,Manual,Second Owner
Mahindra Thar,2017,248400.0,118113.0,CNG,Individual,Manual,First Owner
Toyota Fortuner,2012,189200.0,174338.0,,Dealer,Automatic,Second Owner
Volkswagen Vento,2012,183600.0,80934.0,Diesel,Trustmark Dealer,Manual,First Owner
Hyundai Verna,2007,58000.0,156159.0,Diesel,Individual,Manual,Third Owner
Mercedes-Benz E-Class,2019,1972600.0,43357.0,LPG,Individual,manual,First Owner
Maruti Alto,2005,55600.0,128460.0,PETROL,DEALER,Automatic,Second Owner
Chevrolet Beat,2015,122500.0,87741.0,CNG,individual,Manual,First Owner
BMW X3,2018,,53858.0,Petrol,Dealer,Manual,Second Owner
Volkswagen Ameo,2013,176200.0,74902.0,Diesel,Individual,Manual,Third Owner
Nissan Micra,2018,203300.0,46826.0,Diesel,Individual,Manual,Fourth & Above Owner
Nissan Terrano,2018,192700.0,71424.0,Diesel,Individual,Manual,Fourth & Above Owner
Ford Endeavour,2005,80500.0,99691.0,Petrol,Individual,Automatic,First Owner
Skoda Superb,2006,104600.0,150357.0,Diesel, Dealer ,Automatic,First Owner
Tata Safari,2021,388500.0,49183.0,Petrol,Dealer,Automatic,Second Owner
Maruti Swift,2019,274600.0,67224.0,Petrol,,Manual,Second Owner
Skoda Octavia,2022,548000.0,93826.0,PETROL,Individual,Manual,Second Owner
Skoda Octavia,2017,322000.0,87389.0,Diesel,Individual,Manual,Second Owner
Maruti Ertiga,2011,112300.0,90871.0,Diesel,Individual,Manual,First Owner
Audi A4,2022,2534000.0,69965.0,Petrol,Dealer,Manual,First Owner
Chevrolet Beat,2012,91800.0,107301.0,,Trustmark Dealer,Manual,Third Owner
Tata Safari,2020,340000.0,80833.0,Diesel,Dealer,Manual,Second Owner
Chevrolet Beat,2023,446800.0,27030.0,CNG,Dealer,Automatic,Second Owner
BMW 3 Series,2016,1420000.0,80671.0,Petrol,Individual,manual,Second Owner
Tata Tiago,2023,342200.0,101353.0,Petrol,Dealer,Manual,Third Owner
Hyundai i20,2016,244200.0,79971.0,Petrol,Individual,Automatic,First Owner
Mahindra Thar,2022,403400.0,86707.0,Diesel,Dealer,Manual,Fourth & Above Owner
Mercedes-Benz E-Class,2018,947900.0,156164.0,Petrol,Individual,Manual,Third Owner
Audi Q3,2016,1472900.0,90337.0,Diesel,Individual,Manual,First Owner
Skoda Octavia,2019,578700.0,56616.0,Diesel,Trustmark Dealer,Manual,First Owner
Toyota Fortuner,2021,622500.0,37597.0,Petrol,Individual,Manual,First Owner
Chevrolet Cruze,2018,193500.0,34706.0,LPG,Individual,Manual,Second Owner
Audi Q3,2008,547500.0,106972.0,Diesel,Individual,Manual,Second Owner
Volkswagen Ameo,2009,85700.0,128423.0,Diesel,Individual,Manual,Second Owner
Skoda Superb,2006,81700.0,180773.0,Diesel,Dealer,Manual,First Owner
Tata Safari,2018,215100.0,98345.0,Petrol,Individual,Manual,Second Owner
Mahindra Bolero,2014,196300.0,109666.0,Petrol,Individual,Manual,First Owner
Ford Aspire,2010,165000.0,58310.0,Petrol,Individual,AUTOMATIC,Second Owner
Hyundai Creta,2014,126000.0,96873.0,LPG,Dealer,Manual,Second Owner
Tata Safari,2012,166000.0,124192.0,Diesel,Dealer,Automatic,First Owner
Mercedes-Benz E-Class,2007,385300.0,152904.0,Petrol,Individual,Manual,Third Owner
Hyundai Grand i10,2008,90400.0,127982.0,Petrol,Dealer,Manual,First Owner
Renault Kwid,2015,133100.0,130676.0,Petrol,Dealer,Automatic,Third Owner
Audi A4,2013,1200200.0,83867.0,Diesel,Individual,Automatic,First Owner
Mercedes-Benz C-Class,2008,497300.0,127199.0,LPG,Dealer,Manual,Test Drive Car
Toyota Fortuner,2008,153000.0,119098.0,DIESEL,Individual,Automatic,First Owner
Hyundai Venue,2014,200200.0,75729.0,CNG,Dealer,Automatic,Second Owner
Mahindra Scorpio,2019,304300.0,128280.0,Petrol,Individual,Manual,Second Owner
Skoda Octavia,2009,120300.0,103852.0,Petrol,Trustmark Dealer,Automatic,Fourth & Above Owner
Tata Altroz,2023,412100.0,119257.0, Petrol ,Trustmark Dealer,Manual,Second Owner
Skoda Rapid,2020,421200.0,79693.0,Petrol,Individual,Manual,Second Owner
Renault Triber,2018,220300.0,,Diesel,individual,Automatic,First Owner
Honda Amaze,2005,64500.0,140364.0,Petrol,Dealer,manual,Second Owner
Audi A6,2009,776400.0,98251.0,Diesel,Dealer,Manual,Test Drive Car
Skoda Rapid,2012,170500.0,124680.0,Petrol,,Manual,Second Owner
Toyota Etios,2021,490100.0,114620.0,DIESEL,Dealer,Manual,Second Owner
Volkswagen Polo,2011,,73253.0,Petrol,Dealer,Automatic,First Owner
Nissan Sunny,2007,67100.0,161444.0,Petrol,Dealer,Automatic,Second Owner
Toyota Innova,2018,361300.0,113911.0,Petrol,Individual,Automatic,Second Owner
Skoda Superb,2009,136600.0,130003.0,Petrol,Dealer,Manual,First Owner
Nissan Micra,2022,366700.0,66808.0,Petrol,Trustmark Dealer,Manual,Third Owner
Nissan Terrano,2016,249200.0,44928.0,Petrol,Dealer,AUTOMATIC,First Owner
Audi A4,2008,499300.0,155366.0,Petrol,Dealer,Automatic,Second Owner
Hyundai Venue,2017,246000.0,114265.0,Diesel,Individual,Automatic,Second Owner
Honda City,2022,460500.0,90498.0,diesel,INDIVIDUAL,Manual,Second Owner
Ford EcoSport,2022,718600.0,7631.0,Petrol,Dealer,Automatic,First Owner
Audi Q3,2011,878100.0,91980.0,Petrol,Individual,manual,First Owner
Nissan Sunny,2014,143100.0,143135.0,Petrol,Dealer,Manual,First Owner
Mercedes-Benz GLA,2009,652100.0,131503.0,Petrol,Trustmark Dealer,manual,Second Owner
Toyota Fortuner,2016,301200.0,83153.0,petrol,Individual,Manual,First Owner
Nissan Terrano,2016,152500.0,,Petrol,,Automatic,Second Owner
Tata Harrier,2017,209800.0,71740.0,Diesel,Individual,Manual,Second Owner
BMW 5 Series,2012,960100.0,89493.0,Diesel,Individual,Manual,First Owner
Skoda Superb,2005,120300.0,89392.0,Electric,Individual,Automatic,Third Owner
Hyundai Santro,2005,50900.0,187885.0,Petrol,Trustmark Dealer, Automatic ,Second Owner
Maruti Ertiga,2008,85700.0,72820.0,petrol,Individual,Manual,Second Owner
Volkswagen Ameo,2014,237200.0,84482.0,Petrol,Dealer,Automatic,First Owner
Honda WR-V,2018,362600.0,69360.0,,Individual,Manual,First Owner
Chevrolet Spark,2011,148700.0,72432.0,Petrol,Dealer,Automatic,First Owner
Toyota Etios,2009,123100.0,206177.0,Diesel,Dealer,Automatic,First Owner
Maruti Baleno,2008,69800.0,61994.0,Petrol,Dealer,Manual,Third Owner
Mercedes-Benz GLA,2023,3017500.0,44418.0,Petrol,Dealer,Manual,Second Owner
Volkswagen Ameo,2005,62900.0,103573.0, Petrol ,Individual, Manual ,Second Owner
Renault Kwid,2005,48400.0,127052.0,Diesel,Dealer,Manual,First Owner
Maruti WagonR,2007,77600.0,147481.0,Diesel,Trustmark Dealer,Automatic,Second Owner
BMW X3,2019,2064200.0,108321.0,Petrol,Individual,Automatic,First Owner
Chevrolet Beat,2005,32300.0,145793.0,LPG,Individual,Manual,Third Owner
Tata Altroz,2016,166600.0,157481.0,diesel,Individual,Automatic,First Owner
BMW 5 Series,2007,510900.0,110029.0,DIESEL, Individual ,Automatic,
Tata Altroz,2013,172400.0,100159.0,Petrol,Trustmark Dealer,Manual,First Owner
Skoda Superb,2018,316300.0,138308.0,Diesel,Dealer,Manual,Second Owner
Toyota Corolla,2014,302900.0,85857.0,Petrol,Individual,AUTOMATIC,First Owner
Skoda Superb,2017,386400.0,40117.0,Diesel,Individual,Automatic,Fourth & Above Owner
Chevrolet Beat,2018,233400.0,51485.0,Petrol,Individual,Manual,First Owner
Maruti Alto,2023,454600.0,47797.0,Diesel,Individual,Manual,Second Owner
Toyota Glanza,2005,91200.0,154144.0, Petrol ,Individual,Automatic,First Owner
Toyota Glanza,2010,219100.0,111223.0,Diesel,Trustmark Dealer,Automatic,Test Drive Car
Audi A4,2017,1615600.0,,Petrol,individual,manual,First Owner
Maruti Dzire,2010,87500.0,159117.0,Petrol,Individual,Automatic,Second Owner
Volkswagen Polo,2010,105200.0,169087.0,Petrol,Dealer,Manual,First Owner
Nissan Terrano,2020,,72028.0, Diesel ,Individual,Manual,Second Owner
Volkswagen Ameo,2017,219300.0,147500.0,Petrol,Dealer,Manual,Second Owner
Audi Q3,2017,1621500.0,44940.0,Petrol,Individual,Manual,Second Owner
Hyundai Santro,2020,358500.0,11563.0,Petrol,Dealer,Manual,Third Owner
Mahindra XUV300,2023,439100.0,111263.0,Petrol,dealer,Manual,Third Owner
BMW 5 Series,2022,2972600.0,5515.0,Petrol,Individual,Manual,First Owner
Toyota Etios,2021,551800.0,83340.0, Petrol ,Individual,Manual,Second Owner
Hyundai Venue,2013,162700.0,120654.0,Petrol,Dealer,manual,Second Owner
Hyundai Verna,2017,215000.0,118319.0,Petrol,Trustmark Dealer,Manual,Second Owner
Toyota Fortuner,2015,274000.0,137656.0,Petrol,Individual,AUTOMATIC,First Owner
Volkswagen Ameo,2023,553000.0,15209.0,LPG,Individual,Manual,First Owner
Mercedes-Benz C-Class,2007,440900.0,180414.0,Diesel,Dealer,Manual,Second Owner
Skoda Superb,2009,130400.0,134446.0,Diesel,Individual,Manual,First Owner
Hyundai Venue,2011,98700.0,114491.0,Diesel,Individual,Manual,Second Owner
Volkswagen Vento,2018,285700.0,91700.0,Petrol,Dealer,Manual,First Owner
Nissan Sunny,2020,410400.0,32386.0,Diesel,Dealer,Automatic,Second Owner
Honda Amaze,2012,144200.0,134944.0,Petrol,Individual,Manual,First Owner
Honda City,2006,76100.0,141422.0,Petrol,Individual,Manual,First Owner
Audi A6,2020,1793000.0,132938.0,Diesel,Individual,Manual,Test Drive Car
Ford Aspire,2009,135300.0,61914.0,Diesel,Trustmark Dealer,Manual,First Owner
Hyundai Verna,2023,540200.0,58440.0,Petrol,Individual,Manual,First Owner
BMW 3 Series,2022,1587700.0,68513.0,LPG,Individual,Manual,Third Owner
Volkswagen Vento,2021,340400.0,50999.0,Petrol,Individual,Manual,Third Owner
Chevrolet Beat,2017,340100.0,10905.0,Petrol, Dealer ,Automatic,First Owner
Audi A6,2023,2882700.0,61662.0,Diesel,Individual,manual,First Owner
Toyota Etios,2017,295700.0,160281.0,Petrol,Individual,Manual,First Owner
Volkswagen Polo,2015,233100.0,82456.0,Petrol,Individual,Manual,First Owner
Tata Tiago,2010,86300.0,162349.0,Petrol,Dealer,Manual,
Audi A4,2019,1805600.0,83503.0,DIESEL,Individual,Manual,Second Owner
Honda WR-V,2009,89200.0,137072.0,Diesel,Dealer,MANUAL,Second Owner
Renault Kwid,2021,,45771.0,Petrol,Dealer,Automatic,First Owner
Skoda Octavia,2018,360800.0,98672.0,Petrol,Individual,Manual,First Owner
Hyundai Venue,2007,47400.0,158517.0,Diesel,Dealer,Manual,Fourth & Above Owner
Toyota Corolla,2021,580600.0,84635.0,,Individual,Manual,First Owner
Ford Endeavour,2013,160200.0,122865.0, Petrol ,Individual,Automatic,Second Owner
Honda City,2011,122800.0,120205.0,Petrol,Trustmark Dealer,Manual,Third Owner
Volkswagen Ameo,2016,,97246.0,Diesel,Dealer,MANUAL,Second Owner
Skoda Octavia,2007,162100.0,47146.0,Diesel,Individual,Automatic,First Owner
Ford EcoSport,2020,349100.0,89642.0,Petrol,Trustmark Dealer,Manual,Third Owner
Chevrolet Spark,2012,94900.0,171771.0,Petrol,Individual,Automatic,First Owner
Skoda Rapid,2012,212200.0,152451.0,Diesel,,AUTOMATIC,First Owner
Volkswagen Ameo,2014,171600.0,81421.0,LPG,Individual,manual,First Owner
Renault Kwid,2005,43900.0,141282.0,Petrol,Dealer,Manual,First Owner
Chevrolet Spark,2022,362300.0,98002.0,Petrol,Individual,Automatic,First Owner
Mercedes-Benz GLA,2005,516500.0,114710.0,Petrol,Individual,Automatic,First Owner
Ford Figo,2007,58700.0,162337.0,Petrol,Individual,Manual,Second Owner
Volkswagen Vento,2019,364600.0,111712.0, Diesel ,Dealer,Manual,First Owner
Renault Duster,2014,143200.0,,Petrol,,Manual,First Owner
Hyundai Verna,2008,77500.0,148108.0,Petrol,Individual,Manual,First Owner
Maruti Ertiga,2008,73100.0,182773.0,Diesel,Trustmark Dealer,Manual,First Owner
Skoda Rapid,2018,406900.0,103100.0,Petrol,Individual,Automatic,First Owner
Toyota Fortuner,2015,269300.0,95692.0,Petrol,Dealer, Manual ,Third Owner
Mercedes-Benz GLA,2008,479100.0,79844.0,LPG,Dealer,Manual,Third Owner
Skoda Rapid,2017,356000.0,45583.0,Diesel,Individual,Automatic,Fourth & Above Owner
Skoda Superb,2014,194800.0,161342.0,Petrol,Individual,Automatic,Second Owner
Ford Aspire,2020,506700.0,30416.0,Diesel,Individual,Automatic,First Owner
Honda Jazz,2010,180000.0,85843.0,Petrol,Individual,Automatic,First Owner
Maruti Alto,2007,64200.0,90354.0,CNG,Individual,Manual,Second Owner
Toyota Corolla,2006,93100.0,145748.0,Petrol,Trustmark Dealer,Manual,Second Owner
Nissan Sunny,2008,68500.0,155151.0,Diesel,Individual,Automatic,First Owner
Nissan Micra,2019,255900.0,48143.0,Diesel,Individual,Manual,Second Owner
Hyundai Venue,2023,402700.0,105686.0,Diesel,Dealer,Manual,Second Owner
Honda City,2005,82800.0,132593.0,Diesel,Individual,Manual,First Owner
Nissan Sunny,2011,113800.0,109831.0,Petrol,Dealer,Manual,Test Drive Car
Tata Tiago,2019,188700.0,,Petrol,Individual,Manual,Second Owner
Ford Endeavour,2014,149500.0,80883.0, CNG ,Individual,Manual,First Owner
Maruti Vitara Brezza,2014,117900.0,129517.0,Petrol,Individual,Manual,First Owner
Nissan Sunny,2011,84700.0,156843.0,Diesel,Individual,Manual,First Owner
Toyota Innova,2017,322900.0,89441.0,CNG,Individual,Automatic,Second Owner
Toyota Etios,2007,89200.0,160139.0,LPG,Individual,Automatic,Third Owner
Audi Q3,2017,1595500.0,54510.0,CNG,Dealer,Manual,First Owner
Hyundai Santro,2014,187400.0,48023.0,Diesel,Individual,Manual,First Owner
Mahindra Scorpio,2015,254000.0,134755.0,Petrol,Individual, Automatic ,First Owner
BMW 5 Series,2011,669500.0,62208.0,Petrol,Individual,Manual,Second Owner
Hyundai Verna,2023,443000.0,53411.0,Petrol,Individual,Manual,First Owner
Tata Tiago,2018,287800.0,26327.0,Petrol,Individual, Manual ,First Owner
Audi A6,2008,642100.0,92193.0,Diesel,Trustmark Dealer,Manual,First Owner
Maruti Dzire,2021,292100.0,80030.0,Diesel,Individual,Manual,Fourth & Above Owner
Nissan Sunny,2007,,209467.0,Diesel,Individual,Manual,Second Owner
Renault Triber,2009,65100.0,126866.0,Diesel,,Manual,Second Owner
Mercedes-Benz E-Class,2006,575300.0,143088.0, Diesel ,Trustmark Dealer,Automatic,First Owner
Volkswagen Vento,2011,157100.0,88569.0,Diesel,Individual,Automatic,First Owner
Skoda Superb,2016,373400.0,32040.0,CNG,Dealer,Manual,Test Drive Car
Ford Aspire,2009,140700.0,47445.0,Petrol, Individual , Manual ,First Owner
BMW 5 Series,2015,1487400.0,51638.0,Diesel,Individual,Manual,First Owner
Skoda Superb,2018,381800.0,129104.0,Diesel,Individual,Manual,First Owner
Mercedes-Benz C-Class,2017,1351900.0,93320.0,Petrol,Dealer,Manual,Fourth & Above Owner
Honda Jazz,2022,501200.0,93061.0,CNG,Trustmark Dealer,Manual,First Owner
Toyota Innova,2009,193400.0,94648.0,Electric,Individual, Automatic ,Second Owner
Renault Kwid,2022,238500.0,49116.0,CNG,Individual,Manual,Fourth & Above Owner
Mercedes-Benz C-Class,2013,797800.0,132001.0,Diesel,Individual,Manual,Fourth & Above Owner
Nissan Terrano,2013,140900.0,62522.0,Diesel,Individual,Manual,Second Owner
Ford Aspire,2014,145600.0,84464.0,Petrol,Individual,Manual,Fourth & Above Owner
BMW X3,2015,1324800.0,6402.0,LPG,Dealer,Manual,Second Owner
Nissan Terrano,2009,82600.0,118740.0,LPG,Dealer,Manual,First Owner
Audi A4,2011,761900.0,109788.0,DIESEL,Individual,manual,Second Owner
Renault Duster,2012,104700.0,129599.0,Diesel,Trustmark Dealer,Manual,First Owner
Maruti WagonR,2005,42000.0,195736.0,Diesel,Trustmark Dealer,Manual,Second Owner
Tata Nexon,2020,383400.0,70753.0,CNG,Individual,Automatic,First Owner
Ford Figo,2009,122300.0,82169.0,Diesel,Individual,Manual,Second Owner
Nissan Sunny,2005,48100.0,148406.0,petrol,Individual,Manual,First Owner
Maruti Ertiga,2021,326900.0,87904.0,Petrol, Individual ,Manual,First Owner
BMW 3 Series,2023,2152000.0,91822.0,Petrol,Individual,Manual,Third Owner
BMW 3 Series,2006,415100.0,96428.0, Diesel ,INDIVIDUAL,Manual,Second Owner
Audi Q3,2010,564900.0,101080.0,CNG, Individual ,Manual,First Owner
Tata Safari,2007,69700.0,105555.0, Diesel ,Individual,Manual,First Owner
Ford Endeavour,2015,179000.0,104829.0,CNG,DEALER,Manual,First Owner
Chevrolet Cruze,2023,470400.0,8251.0, Petrol , Individual ,Manual,First Owner
Mercedes-Benz C-Class,2013,967100.0,120161.0,,Dealer,Manual,Third Owner
Skoda Rapid,2019,434000.0,69899.0,Diesel,Dealer,Manual,First Owner
Renault Duster,2021,250400.0,82877.0,Diesel,Individual,Manual,Second Owner
Honda WR-V,2009,117900.0,121334.0, Diesel ,Dealer,Manual,Second Owner
Mercedes-Benz C-Class,2022,2607400.0,95119.0,,Trustmark Dealer,Manual,Fourth & Above Owner
Maruti Baleno,2014,177700.0,73368.0,Diesel,Individual,Automatic,First Owner
Renault Triber,2006,66600.0,108091.0,Diesel,Individual,Manual,First Owner
Honda City,2017,317200.0,84144.0,Diesel,,Manual,First Owner
Honda City,2023,599500.0,64257.0,DIESEL,Individual,Manual,First Owner
Skoda Octavia,2010,145500.0,89441.0,Diesel,Dealer,Automatic,Fourth & Above Owner
Hyundai Grand i10,2008,84400.0,166039.0,Petrol,Individual,Automatic,First Owner
Skoda Superb,2019,481600.0,80258.0,Petrol,Trustmark Dealer,Manual,
Maruti Alto,2010,128400.0,57525.0,Diesel,Individual,Manual,First Owner
Tata Harrier,2005,70300.0,72325.0,Petrol,Individual,Automatic,Second Owner
Maruti Baleno,2005,38800.0,164125.0,LPG, Dealer ,Manual,Second Owner
Volkswagen Ameo,2017,279600.0,75887.0,Diesel,Dealer,Manual,First Owner
Tata Altroz,2005,66500.0,160161.0,petrol,Individual,Automatic,First Owner
Honda Amaze,2010,161800.0,74207.0,Diesel,DEALER,Manual,First Owner
Tata Harrier,2020,335100.0,72555.0,Petrol,INDIVIDUAL,Manual,Second Owner
Chevrolet Beat,2008,53400.0,118644.0,Diesel,Individual,Manual,Second Owner
Hyundai Grand i10,2006,48900.0,203967.0,Petrol,Individual,Manual,First Owner
Chevrolet Spark,2014,139700.0,87130.0,PETROL,Trustmark Dealer,Manual,First Owner
Chevrolet Cruze,2021,427700.0,59777.0,Petrol,Dealer,Automatic,First Owner
Volkswagen Ameo,2016,215800.0,96541.0,Diesel,Individual,Manual,Second Owner
Mahindra Thar,2016,360200.0,19654.0,petrol,Individual,Manual,First Owner
Ford Endeavour,2021,329600.0,95972.0,Petrol,Individual,Manual,Second Owner
Chevrolet Spark,2006,73600.0,105217.0,Diesel,Individual,Automatic,First Owner
Audi A4,2012,860200.0,114215.0,Diesel,Individual,AUTOMATIC,Third Owner
BMW X1,2021,,141763.0, Petrol ,Individual,Manual,Fourth & Above Owner
Ford Aspire,2015,160800.0,187209.0,Diesel,Trustmark Dealer,Manual,First Owner
Nissan Sunny,2013,112100.0,132674.0,Petrol,Individual,Manual,Second Owner
Ford Endeavour,2019,267900.0,79547.0,,Individual,Manual,Second Owner
Nissan Micra,2008,98700.0,76911.0,PETROL,Dealer,Manual,First Owner
Skoda Octavia,2007,107200.0,140960.0,Petrol,Dealer,Manual,First Owner
Renault Triber,2006,70200.0,70024.0,Petrol,Individual,Automatic,First Owner
Mercedes-Benz C-Class,2020,1729000.0,142256.0,Petrol,Individual,Manual,First Owner
Nissan Sunny,2006,57700.0,126706.0,DIESEL,Individual,Automatic,Second Owner
Audi A4,2017,1477800.0,105481.0,Petrol,Individual,Manual,First Owner
Hyundai Grand i10,2005,66500.0,101286.0,Petrol,Individual, Manual ,
Ford Figo,2006,53800.0,175685.0,Petrol,Dealer,Manual,Second Owner
Audi Q3,2016,1409800.0,117138.0,Petrol,Individual,Automatic,First Owner
Mahindra Bolero,2013,209700.0,54238.0,Petrol,Individual,Manual,Second Owner
Maruti Vitara Brezza,2015,,44927.0,LPG,Individual,Manual,First Owner
Audi A4,2013,1146100.0,91814.0,Petrol,Dealer,Automatic,
Ford Figo,2018,255200.0,49502.0,Petrol,Individual,Manual,Second Owner
Audi A6,2019,1510000.0,,Petrol,dealer,Manual,Second Owner
BMW 3 Series,2015,1149300.0,102042.0,Petrol,Individual,manual,Test Drive Car
Mahindra XUV300,2019,463300.0,1506600.0,Petrol,Trustmark Dealer,Manual,Second Owner
Tata Safari,2013,109000.0,168779.0,Petrol,Individual,Manual,First Owner
Chevrolet Cruze,2019,207000.0,64359.0,Petrol,Dealer,Manual,Fourth & Above Owner
Skoda Superb,2007,111400.0,110964.0,Diesel,Dealer,Manual,First Owner
Mahindra Thar,2013,184000.0,97074.0,Petrol,Dealer,Manual,Third Owner
Maruti Dzire,2011,,83414.0,Diesel,Dealer,Automatic,First Owner
Mahindra Thar,2008,94200.0,160573.0,DIESEL,Individual,MANUAL,First Owner
Toyota Glanza,2012,130700.0,133323.0, CNG ,INDIVIDUAL,Manual,Second Owner
Mahindra XUV300,2008,105900.0,123876.0,Petrol,Trustmark Dealer,Manual,First Owner
Volkswagen Polo,2022,363400.0,134433.0,Diesel,Individual,MANUAL,First Owner
Audi A6,2005,304900.0,157230.0,Diesel,Individual,Manual,Second Owner
Mahindra XUV300,2005,91700.0,123192.0,Diesel,Individual,Automatic,First Owner
Tata Harrier,2006,59500.0,,Petrol,Individual,Manual,First Owner
Toyota Glanza,2014,199100.0,96847.0,CNG,Individual,Manual,Third Owner
Maruti Vitara Brezza,2005,49500.0,128275.0,Diesel,Dealer,Manual,Second Owner
Ford Endeavour,2017,197300.0,69653.0, LPG ,Individual,Manual,Second Owner
BMW 5 Series,2008,576200.0,112585.0,Diesel,Individual,manual,First Owner
Volkswagen Vento,2022,523300.0,19787.0,Petrol,Trustmark Dealer,Manual,Second Owner
Chevrolet Beat,2014,156500.0,112984.0,Petrol,,Manual,First Owner
Mahindra Thar,2008,113200.0,195417.0,Petrol,Trustmark Dealer,Automatic,First Owner
Honda Jazz,2008,111600.0,142188.0,Petrol,Dealer,Automatic,Second Owner
BMW 5 Series,2010,791100.0,93980.0,Diesel,Dealer,Automatic,Second Owner
Ford EcoSport,2017,258900.0,93989.0,Diesel,individual,Manual,First Owner
Maruti Dzire,2019,278200.0,80326.0,Petrol,Dealer,Manual,Second Owner
Tata Nexon,2012,136900.0,93593.0,Petrol,Individual,Manual,
Mercedes-Benz C-Class,2009,650800.0,131887.0,CNG,dealer,MANUAL,First Owner
Nissan Terrano,2010,85400.0,106533.0,Petrol,Individual,Manual,Second Owner
Chevrolet Beat,2017,178600.0,107704.0,Diesel,Individual,Manual,Second Owner
Tata Altroz,2015,248000.0,145006.0,Electric,Individual,Automatic,First Owner
Maruti WagonR,2015,154000.0,116953.0,PETROL,Individual,Manual,First Owner
Honda Jazz,2009,179800.0,11132.0,Petrol,Individual,AUTOMATIC,First Owner
Maruti Alto,2010,105700.0,106808.0,PETROL,individual,Manual,First Owner
Nissan Micra,2007,64600.0,142207.0,diesel,Individual,Manual,Second Owner
Volkswagen Ameo,2009,123400.0,122180.0,Petrol,Dealer,Manual,First Owner
Mahindra Scorpio,2011,127700.0,,Petrol,dealer,Manual,Fourth & Above Owner
Toyota Fortuner,2016,260400.0,103036.0, CNG ,Individual,Manual,First Owner
Tata Harrier,2013,130700.0,141623.0,Petrol,Individual,Manual,First Owner
Honda Jazz,2021,386200.0,,DIESEL,Individual, Manual ,Third Owner
Mercedes-Benz C-Class,2011,720100.0,139361.0,Diesel,Dealer,Manual,Second Owner
Hyundai Grand i10,2008,93000.0,116492.0,Diesel,Individual,Manual,First Owner
Maruti Alto,2014,119300.0,130917.0,Petrol,Individual,Manual,First Owner
Nissan Micra,2011,130200.0,69997.0,Petrol, Dealer ,Manual,First Owner
Audi A4,2012,864400.0,118215.0,Petrol,Individual,MANUAL,First Owner
Hyundai Verna,2007,55400.0,206024.0,Petrol,Trustmark Dealer,Manual,Second Owner
Hyundai Santro,2017,,92866.0,Diesel,Dealer,Manual,Fourth & Above Owner
Mercedes-Benz C-Class,2008,378500.0,131826.0,Diesel,,Manual,Third Owner
Hyundai Verna,2023,702600.0,51688.0, Diesel ,Trustmark Dealer,Automatic,First Owner
Hyundai Venue,2019,352600.0,107669.0,Petrol,Dealer, Automatic ,First Owner
Skoda Superb,2005,64200.0,190765.0,Petrol,Individual,Automatic,First Owner
Skoda Rapid,2022,719900.0,76008.0,Petrol,Dealer,Automatic,First Owner
Mercedes-Benz C-Class,2006,386700.0,152554.0,Petrol,Individual,Manual,First Owner
Tata Nexon,2011,115900.0,135152.0,Diesel,Dealer,automatic,Second Owner
Audi Q3,2006,538400.0,90393.0, Petrol ,Trustmark Dealer,Manual,First Owner
Chevrolet Cruze,2021,360900.0,28748.0,Diesel,Individual,manual,Second Owner
Tata Safari,2015,184900.0,96901.0,DIESEL,Dealer,Manual,First Owner
Chevrolet Spark,2008,85300.0,65244.0,Petrol,individual,Automatic,First Owner
Tata Nexon,2016,226800.0,124912.0,Petrol,Trustmark Dealer,Automatic,First Owner
Hyundai Santro,2021,444600.0,76587.0,Petrol,Dealer,Manual,
Volkswagen Polo,2013,175500.0,85718.0,CNG,Dealer,Automatic,Third Owner
Ford Figo,2020,439300.0,29204.0,Petrol,Individual,Automatic,First Owner
Tata Harrier,2022,520800.0,47799.0,Diesel,Dealer,Automatic,First Owner
Audi A4,2016,1457900.0,102804.0,Diesel,Dealer,Manual,First Owner
Renault Triber,2016,266100.0,60091.0,Diesel,Dealer,Automatic,First Owner
Audi A6,2008,488300.0,100295.0,Diesel,Trustmark Dealer,Manual,Second Owner
Maruti Alto,2011,112800.0,112613.0,Diesel,Individual,Manual,First Owner
Nissan Micra,2005,37600.0,118867.0,PETROL,Dealer,Manual,Fourth & Above Owner
Nissan Micra,2016,208100.0,104499.0,Diesel,Dealer,Automatic,First Owner
Chevrolet Beat,2012,112400.0,95474.0,Diesel,Trustmark Dealer,Manual,Third Owner
Nissan Micra,2016,233300.0,86113.0,Diesel,Individual,Manual,First Owner
Maruti Alto,2010,103400.0,153829.0,Diesel,Trustmark Dealer,Automatic,First Owner
Chevrolet Spark,2007,49000.0,115527.0,Petrol,Individual,Manual,Fourth & Above Owner
Renault Triber,2011,82800.0,126815.0,Petrol,Trustmark Dealer,Manual,Third Owner
Ford EcoSport,2015,233200.0,144896.0, Diesel ,Individual,Automatic,Second Owner
Skoda Octavia,2015,302300.0,80155.0,Petrol,Dealer,Manual,First Owner
Renault Duster,2007,,94916.0,Petrol,Individual,Automatic,First Owner
Mercedes-Benz E-Class,2005,370200.0,132594.0,Petrol,Dealer,Manual,First Owner
Chevrolet Cruze,2012,119600.0,129150.0,Petrol,Dealer,Manual,First Owner
Nissan Micra,2014,120900.0,148700.0,CNG,Dealer,Automatic,Second Owner
Renault Triber,2018,247900.0,47963.0,Diesel,Individual,Manual,Second Owner
Ford EcoSport,2019,348200.0,69730.0,CNG,dealer,Manual,First Owner
Tata Nexon,2011,132500.0,77326.0,Diesel,Individual,Manual,First Owner
Volkswagen Polo,2015,184200.0,143833.0,Petrol,individual, Manual ,First Owner
Hyundai Verna,2016,206600.0,114313.0,Diesel,Trustmark Dealer,Manual,Second Owner
Maruti Vitara Brezza,2005,52800.0,105746.0,Petrol,Individual,Manual,First Owner
Maruti Vitara Brezza,2016,201300.0,93297.0,Petrol,Trustmark Dealer,manual,First Owner
Maruti WagonR,2020,308400.0,20728.0,Petrol,,Manual,First Owner
Tata Nexon,2007,58700.0,122428.0,LPG,Individual,Manual,Second Owner
Chevrolet Cruze,2006,,106730.0, Petrol ,Dealer,Automatic,Second Owner
Ford EcoSport,2013,121700.0,89132.0,petrol,Individual,Manual,Fourth & Above Owner
Mercedes-Benz C-Class,2013,882600.0,121561.0, Petrol ,Individual,Manual,Second Owner
Hyundai i20,2016,224100.0,68649.0,Diesel,INDIVIDUAL,Manual,First Owner
Skoda Superb,2011,154200.0,120979.0, Petrol , Dealer ,Manual,First Owner
Toyota Corolla,2005,77500.0,169488.0,Petrol,Individual,Manual,First Owner
Maruti Vitara Brezza,2015,150000.0,92942.0,Diesel, Individual ,Manual,Second Owner
Volkswagen Polo,2009,118600.0,106407.0,Petrol,Trustmark Dealer,Manual,First Owner
Renault Kwid,2019,309700.0,78277.0,Diesel,Trustmark Dealer,Automatic,First Owner
Honda Civic,2006,91600.0,107392.0,Petrol,Trustmark Dealer,Manual,First Owner
Volkswagen Polo,2012,109400.0,136402.0,CNG,Individual,Manual,
Skoda Superb,2005,121200.0,65274.0,Diesel,Dealer,Manual,First Owner
Renault Duster,2016,139600.0,173402.0,PETROL,Dealer,Manual,First Owner
Maruti Swift,2016,147700.0,129111.0,Petrol,Individual,Manual,Second Owner
Renault Duster,2016,222900.0,53537.0,Diesel,Dealer,Manual,First Owner
Chevrolet Beat,2012,126300.0,63506.0,Diesel,Individual,Manual,First Owner
Renault Triber,2020,319500.0,98269.0,Diesel,Individual,automatic,
Honda Civic,2008,96100.0,144382.0,Petrol,Dealer,Manual,First Owner
Honda Amaze,2013,160400.0,150885.0,Petrol,Individual,Manual,First Owner
Volkswagen Polo,2023,529800.0,57827.0,petrol,Individual,Manual,Second Owner
Nissan Terrano,2015,172300.0,89617.0,Diesel,Dealer,Manual,First Owner
Mercedes-Benz C-Class,2016,1775400.0,94143.0,Diesel,,Manual,First Owner
Mahindra XUV500,2011,188400.0,120556.0,Diesel,Individual,Automatic,First Owner
Nissan Micra,2011,135200.0,55894.0, Diesel ,Individual,Manual,First Owner
Tata Harrier,2015,168900.0,131255.0,Diesel,Individual,Manual,First Owner
Hyundai Santro,2009,111900.0,119981.0,Petrol,INDIVIDUAL,Automatic,Second Owner
Volkswagen Vento,2014,173900.0,116772.0,,Dealer,Manual,First Owner
Audi Q3,2021,1930000.0,72181.0,Diesel,Individual,Manual,Third Owner
Mercedes-Benz C-Class,2022,2620000.0,91212.0,Petrol,Dealer,Automatic,Second Owner
Audi A6,2018,1655800.0,93960.0,Diesel,Dealer,Manual,Second Owner
Maruti Dzire,2013,130300.0,142415.0,Petrol,Dealer,Manual,Second Owner
Maruti WagonR,2020,305100.0,50639.0,CNG,dealer,Manual,First Owner
Nissan Terrano,2008,68100.0,102193.0,Diesel,Individual,Manual,Second Owner
Ford Aspire,2010,166700.0,,Diesel,Dealer,Automatic,First Owner
Nissan Terrano,2011,131900.0,84810.0,Diesel,Individual,Manual,First Owner
Chevrolet Spark,2008,62000.0,140152.0,Petrol,Dealer,Manual,Second Owner
Mercedes-Benz E-Class,2013,976700.0,86260.0,Petrol,Individual,Manual,Test Drive Car
BMW X3,2012,719300.0,102510.0,Petrol,Individual,Manual,Second Owner
BMW 5 Series,2020,2320900.0,23485.0,Petrol,Dealer,Manual,Second Owner
Toyota Fortuner,2018,488100.0,44459.0, Petrol ,Trustmark Dealer,Manual,Third Owner
Tata Tiago,2009,96300.0,132336.0,Petrol,Individual,Manual,Test Drive Car
Toyota Glanza,2005,75600.0,163148.0,Petrol,Individual,Manual,First Owner
Volkswagen Polo,2014,162900.0,98224.0,Petrol,Individual,Manual,First Owner
Mercedes-Benz GLA,2014,1078400.0,94983.0,Petrol,Individual,Manual,First Owner
Hyundai Creta,2011,129800.0,49465.0,petrol,Dealer, Manual ,Third Owner
Chevrolet Spark,2010,70200.0,150589.0,Diesel,Individual,Manual,Second Owner
Tata Altroz,2010,84500.0,164852.0,Diesel,Individual, Manual ,First Owner
Chevrolet Beat,2018,137000.0,130075.0,Petrol,Individual,Manual,Fourth & Above Owner
Mercedes-Benz E-Class,2021,2652200.0,47337.0,Petrol,Dealer,Manual,First Owner
Chevrolet Spark,2023,402700.0,97419.0,Petrol,Individual,Manual,First Owner
Tata Safari,2016,126600.0,168072.0,Petrol,Individual,Manual,Third Owner
Renault Kwid,2011,87500.0,115799.0,Diesel,Dealer,Manual,Test Drive Car
BMW X3,2015,1417500.0,82860.0,Petrol, Dealer ,Manual,First Owner
Skoda Superb,2022,751000.0,24550.0,PETROL,Dealer,Manual,First Owner
Mahindra XUV500,2012,166300.0,110368.0,Petrol,Individual,Manual,Second Owner
BMW 3 Series,2007,432900.0,124778.0,DIESEL,Individual,Manual,Second Owner
Chevrolet Cruze,2007,59000.0,120902.0,Diesel,Dealer,Manual,Second Owner
Mahindra XUV500,2012,107200.0,138078.0,LPG,Dealer,Manual,Second Owner
Nissan Terrano,2005,45700.0,209684.0,Diesel,Individual,Automatic,First Owner
Toyota Innova,2016,219300.0,153014.0,CNG,individual,Manual,First Owner
Skoda Superb,2005,75400.0,118303.0,Petrol,Dealer,Manual,First Owner
Maruti Swift,2014,197000.0,91447.0,Diesel,Dealer, Automatic ,First Owner
Ford Figo,2015,245800.0,13590.0,PETROL,Dealer,Manual,Second Owner
Tata Harrier,2021,373600.0,95726.0,Diesel,individual,Manual,First Owner
Chevrolet Cruze,2021,220400.0,170773.0,,Trustmark Dealer,Manual,First Owner
Volkswagen Vento,2006,66900.0,135918.0,Diesel,Individual,Manual,Second Owner
Toyota Glanza,2018,416100.0,157359.0,Electric,Individual, Manual ,First Owner
Audi A6,2010,731600.0,69751.0,petrol,Individual,Manual,First Owner
Toyota Innova,2022,752900.0,54618.0,Diesel,individual,Automatic,First Owner
BMW 3 Series,2021,2358400.0,69402.0,Petrol,Individual,Manual,First Owner
Volkswagen Polo,2020,302100.0,73911.0,Petrol,,Manual,Test Drive Car
Honda WR-V,2019,413900.0,111011.0, Diesel ,Individual,Manual,First Owner
Mercedes-Benz C-Class,2018,2269500.0,25325.0,Petrol,Individual,Manual,First Owner
Ford EcoSport,2013,212300.0,115184.0,Electric,Individual,Manual,First Owner
Renault Duster,2016,169800.0,97017.0,diesel,Individual,MANUAL,First Owner
Mercedes-Benz C-Class,2020,1476000.0,96276.0,Petrol,Individual,Manual,Fourth & Above Owner
Ford EcoSport,2011,115900.0,108972.0,Diesel,Individual,MANUAL,Second Owner
Mercedes-Benz GLA,2011,1119400.0,95407.0,Petrol,Trustmark Dealer,Manual,First Owner
Renault Triber,2013,152200.0,75504.0,diesel, Dealer ,Automatic,Second Owner
BMW 3 Series,2021,1817800.0,138982.0,Petrol,Individual,Manual,First Owner
Mahindra Scorpio,2019,459900.0,89872.0,Diesel, Trustmark Dealer ,Manual,Second Owner
Audi A4,2015,1522500.0,43867.0,Diesel,,Manual,Second Owner
Chevrolet Cruze,2021,468000.0,24735.0,Diesel,Individual,Automatic,First Owner
Audi A4,2021,2124900.0,115519.0,Petrol,Dealer,Manual,First Owner
Tata Nexon,2005,66000.0,126274.0,Diesel,Individual,Manual,First Owner
Toyota Innova,2007,118000.0,125913.0,Petrol,Trustmark Dealer,manual,First Owner
Tata Altroz,2016,182600.0,,Diesel,Individual,Manual,Second Owner
Renault Duster,2021,321100.0,95706.0,Diesel,Individual,Automatic,Second Owner
Chevrolet Spark,2017,141200.0,135290.0,LPG,Dealer,Manual,Second Owner
Toyota Innova,2013,255100.0,104235.0,Diesel,Dealer,Manual,First Owner
Maruti Ertiga,2023,374300.0,123713.0,Diesel,Trustmark Dealer,Manual,First Owner
Toyota Glanza,2009,129900.0,116791.0,Diesel,Dealer,Manual,First Owner
Mercedes-Benz GLA,2023,3346300.0,46284.0,Petrol,Individual,Manual,Second Owner
Skoda Octavia,2007,69800.0,199813.0,Petrol, Trustmark Dealer ,Manual,Second Owner
Maruti Swift,2017,228500.0,59619.0,Diesel,Individual,manual,Second Owner
Renault Duster,2007,46200.0,93096.0,CNG,Dealer,Manual,Fourth & Above Owner
Mahindra XUV300,2009,147000.0,112468.0,PETROL,Individual,Automatic,Second Owner
Mercedes-Benz E-Class,2014,968400.0,96619.0,Petrol,Individual,Manual,Third Owner
Mercedes-Benz C-Class,2015,1140000.0,93917.0,CNG,Individual,Manual,First Owner
Mercedes-Benz E-Class,2005,422900.0,148209.0,electric,Dealer,Manual,Second Owner
Renault Triber,2017,179400.0,104449.0,Petrol,Dealer,Manual,Second Owner
Volkswagen Polo,2019,316700.0,97537.0,Petrol,Individual, Manual ,First Owner
Toyota Fortuner,2022,593500.0,61477.0,Petrol, Trustmark Dealer ,Manual,Second Owner
Skoda Octavia,2007,133000.0,64900.0,Diesel,Individual,Manual,
Maruti Baleno,2021,268700.0,91764.0,Petrol,Individual,Manual,Third Owner
Audi A4,2010,569800.0,142920.0,Petrol,Individual,MANUAL,Second Owner
Maruti Swift,2007,73300.0,124567.0,Diesel,Dealer,Automatic,First Owner
Ford Endeavour,2007,94600.0,89082.0, Petrol ,Individual,Manual,Test Drive Car
Renault Kwid,2017,176100.0,,Petrol,Dealer,Manual,First Owner
Mahindra XUV500,2008,91800.0,132135.0,CNG,INDIVIDUAL,Manual,Second Owner
Audi A4,2022,2660400.0,112352.0,PETROL,Dealer,Manual,First Owner
Volkswagen Vento,2005,74900.0,154195.0,Diesel,Dealer,Automatic,First Owner
Maruti Alto,2023,493900.0,60039.0, LPG ,Trustmark Dealer,Automatic,First Owner
Nissan Sunny,2017,255200.0,500.0,Petrol,Individual,Manual,First Owner
Honda Jazz,2015,290000.0,91488.0,Petrol,TRUSTMARK DEALER,Automatic,First Owner
Chevrolet Beat,2012,93800.0,45705.0,Petrol,Individual,Manual,Third Owner
Renault Duster,2013,128000.0,88216.0,Petrol,Trustmark Dealer,Manual,Second Owner
Ford Endeavour,2009,104200.0,115902.0,Petrol,Dealer,Manual,First Owner
Audi Q3,2014,1278000.0,86965.0,Diesel,Individual,Automatic,First Owner
Skoda Rapid,2011,173600.0,80008.0,CNG, Individual ,Manual,First Owner
Nissan Terrano,2018,251300.0,144760.0,Electric,Individual,Manual,Second Owner
Volkswagen Polo,2005,54900.0,175372.0, Petrol ,Individual,Manual,First Owner
BMW X3,2006,430000.0,101757.0,Petrol,Individual,Automatic,Second Owner
Toyota Glanza,2012,186000.0,121056.0,DIESEL,Individual,Manual,Second Owner
Audi Q3,2021,2924000.0,106514.0,Petrol,Trustmark Dealer,Automatic,First Owner
Toyota Etios,2011,239400.0,38248.0,Diesel, Individual ,Manual,First Owner
Renault Duster,2019,276300.0,82572.0,Petrol,Trustmark Dealer,Manual,Second Owner
Mahindra XUV500,2018,384900.0,49548.0,Petrol,Individual,Manual,First Owner
Honda WR-V,2021,425000.0,62643.0,LPG,Dealer,Automatic,Second Owner
Tata Harrier,2014,172700.0,104672.0,Petrol,Dealer,Manual,First Owner
Hyundai Creta,2022,475400.0,69277.0,Diesel,Individual,Manual,Second Owner
Toyota Innova,2008,133800.0,102112.0,Petrol,Individual, Automatic ,Second Owner
Ford Aspire,2010,103500.0,144865.0,Petrol,Individual,manual,First Owner
Honda WR-V,2022,570000.0,39476.0,Petrol,Dealer, Manual ,First Owner
Mercedes-Benz E-Class,2023,3568200.0,78433.0,Diesel,Individual,Manual,First Owner
Audi A6,2008,494400.0,119581.0,DIESEL,Individual,Manual,Second Owner
Nissan Terrano,2015,145600.0,143571.0,Petrol,DEALER,Manual,First Owner
BMW 3 Series,2013,865400.0,119005.0,Petrol,Individual,Manual,First Owner
Honda Amaze,2020,462300.0,40781.0,Petrol,Trustmark Dealer, Manual ,Third Owner
Chevrolet Beat,2018,165400.0,83111.0,CNG,Individual,Manual,Second Owner
Mahindra Scorpio,2010,150800.0,121118.0,Petrol,Individual, Manual ,Second Owner
Mercedes-Benz E-Class,2018,1658200.0,109835.0,Petrol,Trustmark Dealer,Manual,First Owner
Skoda Rapid,2011,166300.0,123095.0,Petrol,Individual,Automatic,First Owner
Audi A4,2013,840900.0,110495.0,Diesel,Individual,Manual,First Owner
Maruti Ertiga,2021,326900.0,87904.0,Petrol, Individual ,Manual,First Owner
Chevrolet Cruze,2013,81400.0,153698.0,LPG,Individual,Manual,Second Owner
Volkswagen Ameo,2005,64500.0,127177.0,Diesel,Individual,Manual,First Owner
BMW X3,2012,499200.0,146331.0,CNG,Trustmark Dealer,Manual,Fourth & Above Owner
Hyundai Santro,2016,334700.0,42927.0,Petrol,Trustmark Dealer,Automatic,First Owner
Toyota Glanza,2017,343400.0,126166.0,Electric,Individual,Manual,First Owner
Mahindra XUV500,2022,571500.0,55059.0,Petrol,individual,Manual,Second Owner
Renault Duster,2007,44500.0,159095.0,Petrol,Individual,Manual,Third Owner
Audi A4,2011,578700.0,121735.0,Petrol,Individual,Manual,First Owner
Nissan Micra,2014,121600.0,123288.0,Petrol,Individual,Manual,First Owner
BMW 3 Series,2014,1045500.0,78690.0,PETROL,Dealer,Manual,Second Owner
Ford EcoSport,2015,243700.0,99394.0,Diesel,Dealer, Automatic ,Second Owner
Mercedes-Benz E-Class,2013,675900.0,143631.0,Petrol,Individual,Manual,Second Owner
Nissan Terrano,2011,79500.0,155059.0,PETROL,Individual,Manual,First Owner
Volkswagen Polo,2012,115500.0,98867.0,LPG,Dealer,Manual,Fourth & Above Owner
Audi A6,2019,2134200.0,70047.0, Petrol ,Dealer,Automatic,Third Owner
BMW 3 Series,2014,966400.0,94709.0,Petrol,Dealer,Manual,Second Owner
Honda Civic,2019,371000.0,62387.0,,Individual,Manual,Fourth & Above Owner
Ford Aspire,2011,115100.0,158183.0,Diesel,Dealer,manual,Second Owner
Audi Q3,2014,1005300.0,131572.0,Petrol,Individual,Manual,First Owner
Ford Aspire,2016,322800.0,48843.0,Petrol,Individual,Automatic,First Owner
Tata Safari,2005,60300.0,130447.0,Diesel,Individual,Manual,First Owner
Mercedes-Benz GLA,2019,2012600.0,95932.0,Petrol,Individual, Manual ,First Owner
Audi A4,2005,399500.0,131006.0,Petrol, Individual ,Manual,First Owner
BMW 3 Series,2011,501000.0,135330.0,Petrol,Individual,Manual,Third Owner
Ford EcoSport,2023,532100.0,56611.0,CNG,Individual,Manual,First Owner
BMW 5 Series,2016,1302300.0,94741.0,Petrol,Individual,MANUAL,First Owner
Ford EcoSport,2020,363000.0,80988.0, Petrol ,Individual,Manual,Second Owner
Skoda Superb,2005,120300.0,89392.0,Electric,Individual,Automatic,Third Owner
Renault Duster,2008,50200.0,128364.0,LPG,Dealer,Manual,Fourth & Above Owner
Toyota Glanza,2020,748500.0,,Electric,Dealer,Manual,Second Owner
Mercedes-Benz C-Class,2006,385700.0,122706.0,Diesel,Individual,Manual,Third Owner
BMW X1,2008,413800.0,164435.0,Diesel,Individual,Manual,Second Owner
Mercedes-Benz E-Class,2008,553600.0,117999.0,Diesel,Individual,Automatic,Second Owner
Chevrolet Cruze,2010,75200.0,112454.0,Petrol,Dealer,Manual,Third Owner
Mahindra XUV500,2006,83900.0,123797.0,Petrol,Individual,Manual,First Owner
Skoda Superb,2005,112000.0,130268.0,Diesel,Individual,Automatic,First Owner
Tata Harrier,2010,68000.0,115181.0,LPG,Dealer,manual,Third Owner
Toyota Corolla,2013,216700.0,75555.0,Diesel,Dealer,Manual,Third Owner
Volkswagen Vento,2018,259900.0,95115.0,Petrol,Dealer,Manual,Third Owner
Toyota Glanza,2013,238300.0,91472.0,Petrol,Individual,Automatic,Second Owner
Ford EcoSport,2021,373500.0,132807.0,Diesel,Dealer,Manual,Test Drive Car
Skoda Octavia,2013,319300.0,32911.0,Diesel,Dealer,Manual,First Owner
Skoda Octavia,2009,173700.0,71223.0,Diesel,TRUSTMARK DEALER,Manual,First Owner
Toyota Innova,2014,331700.0,73227.0,Petrol,Dealer,Automatic,First Owner
Renault Kwid,2013,147100.0,65218.0,Petrol,Individual,Manual,First Owner
Tata Harrier,2021,452100.0,46811.0,diesel,DEALER,Manual,First Owner
Renault Duster,2009,102100.0,62627.0,diesel,Individual,Manual,First Owner
BMW X3,2022,2701900.0,64705.0,Petrol,Dealer,Automatic,Second Owner
Ford Endeavour,2011,114500.0,149996.0,Petrol,INDIVIDUAL,Automatic,
Nissan Sunny,2021,317600.0,2366625.0,Petrol,Dealer,Manual,First Owner
BMW X1,2021,2024400.0,45510.0,Petrol,Individual,automatic,Third Owner
BMW X3,2016,742300.0,103380.0,Diesel,Individual,Manual,Fourth & Above Owner
Nissan Terrano,2012,107600.0,102669.0,CNG, Dealer ,Manual,Test Drive Car
Mahindra Thar,2007,113600.0,94237.0,Petrol,Individual,Manual,First Owner
Toyota Corolla,2021,547700.0,106337.0,Petrol,Dealer,Manual,First Owner
Tata Harrier,2019,354900.0,41290.0,Petrol,Dealer,Manual,First Owner
Renault Kwid,2015,204600.0,101193.0,Diesel,Trustmark Dealer,Automatic,First Owner
Mahindra XUV300,2007,102800.0,145314.0, Petrol ,Trustmark Dealer,Manual,First Owner
Mahindra XUV500,2006,58200.0,147788.0,Diesel,Individual,manual,Second Owner
Maruti Ertiga,2007,46200.0,115365.0,LPG,Individual,Manual,Fourth & Above Owner
Nissan Terrano,2016,140800.0,136687.0,Petrol,Individual,Automatic,Third Owner
Nissan Terrano,2013,152600.0,108674.0,Petrol,Individual,Automatic,Second Owner
Honda Civic,2009,150100.0,85306.0,Diesel,Dealer,Automatic,First Owner
Chevrolet Cruze,2015,119900.0,126260.0,CNG,Dealer,manual,Second Owner
Nissan Terrano,2006,86200.0,80049.0,Diesel,Individual,Automatic,First Owner
Maruti Swift,2005,56000.0,78381.0,DIESEL,,Manual,First Owner
Volkswagen Vento,2013,158400.0,113560.0,Diesel,INDIVIDUAL,MANUAL,First Owner
Mahindra XUV500,2011,162600.0,99469.0,Petrol,Individual,Manual,First Owner
Chevrolet Spark,2005,57200.0,121821.0,Petrol,Dealer,Manual,First Owner
BMW X3,2017,1339700.0,63590.0,Diesel,Individual,Manual,Third Owner
Tata Harrier,2017,315100.0,36999.0,Diesel,Individual,Manual,First Owner
Chevrolet Spark,2020,202700.0,132568.0,diesel,Individual,Manual,Third Owner
Hyundai Santro,2016,267900.0,35920.0,Diesel,Dealer,Manual,First Owner
Toyota Corolla,2013,231100.0,98306.0,Diesel,Dealer,MANUAL,First Owner
Ford Figo,2007,75700.0,166343.0,Diesel,Individual,Automatic,Second Owner
BMW X1,2018,1622100.0,84643.0,CNG,Individual,Automatic,Second Owner
Chevrolet Spark,2008,83200.0,132229.0,petrol,Dealer,Automatic,First Owner
Chevrolet Beat,2008,66300.0,117533.0,Petrol,Individual,Manual,First Owner
Nissan Sunny,2006,54800.0,83159.0,Petrol,Individual,Manual,First Owner
Mercedes-Benz E-Class,2023,3234600.0,74079.0,Diesel,Dealer,Automatic,Third Owner
Honda Amaze,2013,202000.0,35034.0,PETROL,Dealer,Manual,First Owner
Toyota Corolla,2019,526200.0,84909.0,Petrol,Individual,Automatic,First Owner
BMW 5 Series,2006,390700.0,151060.0,Petrol,INDIVIDUAL,Manual,Test Drive Car
BMW X3,2005,236100.0,203249.0,Diesel,Individual,Manual,Second Owner
BMW X3,2008,,49056.0,Diesel,Dealer,manual,Second Owner
Honda City,2018,272500.0,153745.0,Diesel,Individual,Manual,First Owner
Renault Triber,2010,92100.0,135098.0,PETROL,Trustmark Dealer,Manual,First Owner
Honda Amaze,2011,175200.0,103285.0,diesel,Dealer,Manual,First Owner
Mahindra XUV500,2005,65900.0,198801.0,Diesel,Trustmark Dealer,Manual,First Owner
BMW X3,2015,1261800.0,112786.0,Diesel,Individual,Automatic,First Owner
Mahindra Thar,2016,428300.0,110378.0,Electric,Dealer,Automatic,Test Drive Car
Chevrolet Spark,2008,85100.0,74996.0,Diesel,Dealer,Manual,First Owner
Audi Q3,2006,311600.0,150493.0,Petrol,Dealer,Manual,Third Owner
Nissan Terrano,2023,488700.0,47662.0,Petrol,Dealer,Manual,First Owner
Mercedes-Benz C-Class,2015,1436800.0,65559.0,Diesel,Individual,Manual,Second Owner
Honda Jazz,2009,154500.0,70469.0,,Dealer,Manual,Test Drive Car
BMW X1,2005,383100.0,119817.0,Petrol,Individual,Automatic,First Owner
BMW 5 Series,2022,2521500.0,98955.0,Diesel,Individual,Manual,Second Owner
Hyundai i20,2021,477400.0,98088.0,Petrol,Individual,Automatic,Test Drive Car
Tata Tiago,2022,380300.0,48174.0,Petrol,Dealer,Manual,Second Owner
Volkswagen Polo,2011,104900.0,159977.0,PETROL,Dealer,Manual,First Owner
Mahindra Thar,2019,,37883.0,Diesel,Dealer,Manual,First Owner
Ford Aspire,2022,569200.0,34086.0,Diesel,Dealer,Manual,First Owner
Mahindra Scorpio,2014,208600.0,90408.0,PETROL,Dealer,Manual,Third Owner
Hyundai i20,2016,223800.0,89218.0,diesel,Individual,Manual,Second Owner
Toyota Corolla,2011,161600.0,134775.0,Petrol,Individual,Manual,First Owner
Renault Duster,2005,44300.0,172504.0,DIESEL,Individual,Manual,First Owner
Volkswagen Vento,2015,205700.0,87554.0,petrol,Dealer,Manual,Second Owner
Mahindra XUV500,2005,101200.0,117123.0,Petrol,Trustmark Dealer,Manual,First Owner
Renault Duster,2022,314700.0,96481.0,Petrol,Dealer,Manual,First Owner
Renault Duster,2016,173100.0,115173.0,Petrol,Individual,Automatic,First Owner
Honda City,2023,,81476.0,Petrol,Individual,Manual,First Owner
Mercedes-Benz E-Class,2015,871000.0,123652.0,Petrol,Individual,Manual,Fourth & Above Owner
Toyota Fortuner,2012,246100.0,87685.0,Petrol,Dealer,Automatic,First Owner
Maruti Baleno,2014,199600.0,103018.0,Electric,Individual,Automatic,Second Owner
Maruti Baleno,2015,189600.0,79549.0,Diesel,Dealer,Manual,First Owner
Ford Endeavour,2023,598100.0,80610.0,diesel,Trustmark Dealer,Manual,First Owner
Audi A4,2017,1294400.0,107445.0,Petrol,Dealer,Automatic,Third Owner
Mercedes-Benz C-Class,2013,861600.0,104221.0,Petrol,Individual, Manual ,Third Owner
Maruti Alto,2022,287800.0,65937.0,PETROL,Individual,Manual,Second Owner
Maruti WagonR,2019,278500.0,87123.0,Diesel,Individual,Manual,Second Owner
BMW X1,2009,505100.0,98626.0, CNG ,Dealer,Manual,First Owner
Toyota Corolla,2011,165900.0,166976.0,Diesel,Dealer,Manual,First Owner
Toyota Glanza,2009,177500.0,119680.0,Diesel,INDIVIDUAL,Automatic,First Owner
Honda WR-V,2016,315800.0,82917.0,Petrol,Dealer,Automatic,First Owner
Skoda Octavia,2011,166400.0,82325.0,Petrol,Dealer,Manual,Third Owner
Skoda Octavia,2013,138200.0,147157.0,LPG,Individual,Manual,First Owner
Chevrolet Spark,2023,299800.0,77401.0,Diesel,Individual,Manual,Third Owner
Nissan Terrano,2015,217000.0,37604.0,Petrol,Individual,Manual,First Owner
Toyota Etios,2014,199800.0,115506.0,Petrol,Dealer,Manual,Third Owner
Tata Altroz,2005,61000.0,146809.0,Petrol,Individual,Automatic,Test Drive Car
Ford EcoSport,2010,115700.0,135741.0,Petrol,Dealer,Automatic,First Owner
Mahindra Thar,2023,712400.0,20665.0,Petrol,Individual,Manual,First Owner
Mercedes-Benz C-Class,2019,1825100.0,103481.0,Diesel,Dealer,manual,First Owner
Toyota Corolla,2019,397500.0,89511.0,Petrol,Dealer,Manual,Third Owner
Chevrolet Cruze,2021,324000.0,50033.0,Diesel,Individual,Manual,Second Owner
Hyundai i20,2007,86300.0,158135.0,Diesel,Individual,Automatic,First Owner
Mahindra XUV300,2015,254000.0,96779.0,Petrol,Dealer,Manual,First Owner
Hyundai i20,2020,340800.0,90238.0,Diesel,Dealer,AUTOMATIC,Fourth & Above Owner
Hyundai Santro,2015,170700.0,148362.0,Petrol,INDIVIDUAL,Manual,First Owner
Skoda Superb,2009,134900.0,92892.0,CNG,Individual,MANUAL,First Owner
Nissan Micra,2011,88000.0,105147.0,PETROL,Dealer,Manual,Fourth & Above Owner
Renault Triber,2015,206500.0,75236.0,petrol,Trustmark Dealer,Automatic,Second Owner
Renault Duster,2022,286700.0,65654.0,Diesel,Trustmark Dealer,Manual,Fourth & Above Owner
Volkswagen Polo,2008,110700.0,107059.0,Diesel,Dealer,Manual,First Owner
Nissan Terrano,2005,57100.0,,Diesel,Trustmark Dealer,Manual,First Owner
Toyota Glanza,2011,122500.0,196357.0,Diesel,Dealer,Manual,Second Owner
Toyota Corolla,2005,85900.0,145931.0,Petrol,Individual,Automatic,First Owner
Toyota Innova,2019,606300.0,20973.0, Petrol ,Individual,Automatic,Second Owner
Toyota Corolla,2006,87700.0,91063.0,LPG,Dealer,Manual,Second Owner
Skoda Rapid,2009,152500.0,54474.0,Petrol,Dealer,Manual,First Owner
BMW X3,2012,872800.0,79245.0,Diesel,Dealer,Manual,First Owner
Audi Q3,2021,1934100.0,91478.0,Diesel,Dealer,Manual,Third Owner
Renault Triber,2017,190700.0,103471.0,Petrol,individual,manual,First Owner
Audi A4,2017,1355900.0,106552.0,Petrol,Individual,Manual,First Owner
Mercedes-Benz C-Class,2013,1184900.0,88933.0,Petrol,Individual,Manual,First Owner
Audi A6,2006,394900.0,126958.0,Diesel,Individual,Manual,Second Owner
Ford Aspire,2005,51200.0,163302.0,Petrol,individual,Manual,First Owner
Renault Kwid,2016,173400.0,78591.0,,Individual,Manual,Second Owner
Nissan Sunny,2016,265200.0,74761.0,Petrol,Individual,Automatic,First Owner
Tata Nexon,2018,228600.0,79930.0,LPG,Dealer,Manual,Test Drive Car
Audi A4,2010,722000.0,78923.0,,Individual,Automatic,Third Owner
BMW X3,2017,1559100.0,123768.0,petrol,Individual,Automatic,First Owner
Audi A4,2016,1217800.0,134809.0,Diesel,Individual,Manual,First Owner
Mercedes-Benz GLA,2015,1584500.0,33003.0,Petrol,Individual,manual,First Owner
Maruti Swift,2017,201100.0,95895.0,Petrol,Individual,Manual,Second Owner
Hyundai i20,2023,491800.0,74030.0,Diesel,Individual,Manual,Second Owner
Volkswagen Ameo,2011,177100.0,64673.0,Petrol,Individual,Manual,First Owner
Audi Q3,2012,832300.0,150993.0,Petrol,Dealer,Manual,Second Owner
Volkswagen Polo,2015,204000.0,, CNG ,Individual,Manual,First Owner
Skoda Rapid,2008,103700.0,167741.0,PETROL,Dealer, Manual ,Second Owner
Toyota Corolla,2016,279000.0,,Diesel,Dealer,Manual,First Owner
Toyota Innova,2017,469600.0,91421.0,DIESEL,Trustmark Dealer,Automatic,First Owner
Skoda Rapid,2019,338300.0,128409.0,Petrol,Individual,Manual,First Owner
Tata Tiago,2015,216900.0,88329.0,Petrol,Individual,Automatic,First Owner
Chevrolet Cruze,2009,63000.0,169426.0,,Dealer,Manual,Second Owner
Skoda Rapid,2022,661500.0,63757.0,Petrol,Individual,Automatic,First Owner
Hyundai Verna,2005,62500.0,119745.0,Diesel,Individual,Manual,First Owner
Honda Jazz,2022,509900.0,77369.0,Diesel,INDIVIDUAL,Manual,First Owner
Nissan Micra,2015,175400.0,80943.0,Petrol,Individual,Automatic,Second Owner
Hyundai Grand i10,2018,259700.0,101778.0,Petrol,Individual,Manual,First Owner
Maruti WagonR,2023,314700.0,108085.0,CNG,Dealer,Manual,First Owner
Maruti Vitara Brezza,2013,126900.0,145378.0,Petrol,Dealer,Automatic,Second Owner
Nissan Sunny,2017,214000.0,90364.0,Petrol,Individual,Manual,First Owner
Mahindra XUV300,2022,478300.0,117199.0,Petrol,Dealer,Manual,Second Owner
Maruti Swift,2023,257200.0,68453.0,Diesel,Individual,Manual,Fourth & Above Owner
Tata Nexon,2005,45900.0,160558.0,Diesel,INDIVIDUAL,Manual,First Owner
Tata Altroz,2015,148700.0,92603.0,Petrol,Individual,Manual,Third Owner
Maruti Baleno,2017,229900.0,60885.0,Petrol,Individual,Manual,Second Owner
Nissan Sunny,2017,266600.0,39741.0,Petrol,Individual,Manual,First Owner
Hyundai Creta,2006,63300.0,159295.0,petrol,Individual,Manual,First Owner
Honda Jazz,2022,404600.0,81935.0,CNG,Individual,Manual,First Owner
Maruti Swift,2009,107800.0,117486.0,Diesel,Dealer,Automatic,First Owner
Volkswagen Vento,2012,175500.0,96305.0,Diesel,Dealer,Manual,First Owner
Maruti WagonR,2013,138400.0,136879.0,Petrol,Dealer,Automatic,Second Owner
Renault Duster,2022,283600.0,80839.0,Petrol,Individual,Manual,Second Owner
BMW X3,2016,1176600.0,50103.0,LPG,Individual,Manual,Second Owner
Hyundai Santro,2010,107000.0,127256.0,CNG,Dealer,Manual,First Owner
Nissan Sunny,2018,246300.0,117482.0,Diesel,Individual,Manual,First Owner
Maruti Swift,2009,58100.0,145690.0,Diesel,Trustmark Dealer,Manual,Third Owner
Mercedes-Benz GLA,2008,449500.0,122635.0,Petrol,Individual,Manual,Third Owner
Toyota Corolla,2020,580800.0,90004.0,Electric,Individual,Manual,Second Owner
Skoda Octavia,2013,181000.0,104759.0,Diesel,Dealer,Manual,Fourth & Above Owner
Honda Civic,2018,280900.0,83941.0,Diesel,Dealer,Manual,Second Owner
Renault Duster,2018,211300.0,80386.0,Petrol,Individual,Manual,First Owner
Maruti Vitara Brezza,2010,117400.0,86757.0,Diesel,Individual,Manual,First Owner
Maruti Alto,2005,56900.0,124854.0,Petrol,Individual,Manual,First Owner
Skoda Rapid,2020,417300.0,100365.0,CNG,Dealer,Manual,Second Owner
Honda Amaze,2014,271000.0,74239.0,Petrol,Individual,Automatic,First Owner
Tata Harrier,2017,,67454.0,Petrol,Individual,Automatic,First Owner
Chevrolet Spark,2011,94800.0,94071.0,Petrol,Individual,Manual,First Owner
Maruti Ertiga,2021,320900.0,97536.0,Petrol,Dealer,Manual,Third Owner
Nissan Sunny,2009,75700.0,108786.0,CNG,Individual,Automatic,
Skoda Octavia,2023,654900.0,90251.0,Diesel,Dealer,Manual,Second Owner
Mercedes-Benz C-Class,2013,935400.0,93329.0,Diesel,Individual,Manual,Second Owner
Skoda Octavia,2012,152000.0,169877.0,Petrol,Individual,Manual,First Owner
Mahindra XUV500,2012,180700.0,141307.0,Petrol,Individual,MANUAL,First Owner
Toyota Glanza,2010,158100.0,113957.0,Diesel,Dealer,Manual,Second Owner
Maruti Dzire,2008,61200.0,199553.0,Petrol,Dealer, Manual ,First Owner
Volkswagen Polo,2009,117900.0,160290.0,Diesel,Dealer, Automatic ,First Owner
Mahindra XUV500,2008,125600.0,64906.0,Diesel,Dealer,Manual,Second Owner
Mercedes-Benz E-Class,2017,1433200.0,111453.0,Petrol,Dealer,Manual,First Owner
Tata Safari,2010,128500.0,68687.0,Diesel,Individual,Manual,First Owner
Skoda Superb,2009,109000.0,167809.0,Diesel,Trustmark Dealer,manual,Third Owner
Skoda Rapid,2013,196600.0,76042.0,LPG,Individual,Manual,Second Owner
Tata Safari,2008,86000.0,101100.0,Petrol,Individual,Manual,First Owner
Tata Harrier,2014,156400.0,99124.0,Petrol,Individual,MANUAL,First Owner
BMW X1,2022,3348100.0,15243.0,Diesel,Dealer,Automatic,Second Owner
Hyundai Verna,2023,362500.0,97967.0,Diesel,Individual,Manual,Fourth & Above Owner
Maruti Dzire,2006,68500.0,67013.0,,Individual,Manual,Second Owner
Volkswagen Polo,2010,82100.0,152593.0,LPG,Individual,Manual,First Owner
Renault Triber,2019,324700.0,35226.0,Petrol,Individual,Manual,
Mahindra Scorpio,2013,230900.0,100029.0,Petrol,Individual,Automatic,First Owner
Mercedes-Benz GLA,2018,1601500.0,118285.0,PETROL,Individual,Manual,First Owner
Nissan Micra,2009,67700.0,137648.0,Petrol,Individual,Manual,Second Owner
Mercedes-Benz E-Class,2016,2008800.0,500.0,diesel,Individual,Manual,Second Owner
Volkswagen Ameo,2020,439800.0,57950.0,Diesel,Dealer,Manual,First Owner
Honda Civic,2016,235900.0,99299.0,Petrol,Individual,Manual,First Owner
Toyota Corolla,2021,686900.0,63344.0,Diesel,Trustmark Dealer,Manual,Second Owner
Tata Harrier,2018,302400.0,75074.0,Petrol,Trustmark Dealer,MANUAL,First Owner
Chevrolet Beat,2010,81800.0,82101.0,Diesel,Trustmark Dealer,Manual,Fourth & Above Owner
Chevrolet Beat,2010,94500.0,127380.0,Diesel,Trustmark Dealer,Manual,First Owner
Honda WR-V,2010,197500.0,80826.0,Diesel,Trustmark Dealer,Automatic,First Owner
Mercedes-Benz C-Class,2020,3159300.0,38050.0,Diesel,Individual,AUTOMATIC,Second Owner
Volkswagen Vento,2022,349700.0,75282.0,Petrol,Individual,Manual,Third Owner
Mahindra XUV300,2013,231600.0,57917.0,Diesel,Individual,Manual,First Owner
Mercedes-Benz C-Class,2006,477800.0,107782.0,Petrol,Dealer,Manual,Second Owner
Nissan Micra,2023,545000.0,23945.0,Diesel,Individual,automatic,First Owner
Nissan Micra,2021,310400.0,85436.0,LPG,Dealer,Manual,First Owner
Skoda Octavia,2005,85000.0,104899.0,Petrol,,Manual,Test Drive Car
Mahindra XUV300,2009,111700.0,148577.0,diesel,Individual,Automatic,First Owner
Ford EcoSport,2015,152700.0,165137.0,Petrol,INDIVIDUAL, Manual ,Second Owner
Renault Duster,2009,61000.0,150627.0,Petrol,Individual,Manual,Second Owner
Mercedes-Benz GLA,2007,438500.0,180327.0,Diesel,Individual,Manual,First Owner
Mahindra Scorpio,2017,313900.0,,Diesel,Individual,Automatic,Fourth & Above Owner
Maruti Swift,2016,213900.0,80601.0,Petrol,Dealer,Manual,First Owner
Nissan Micra,2023,499500.0,20343.0,Petrol,Individual, Manual ,Second Owner
Mahindra XUV500,2012,262800.0,107722.0,Diesel,Trustmark Dealer,Automatic,First Owner
Tata Tiago,2010,107800.0,138872.0,Diesel,Trustmark Dealer,Manual,First Owner
Nissan Micra,2014,132800.0,89184.0,Petrol,Dealer,Manual,Third Owner
Skoda Rapid,2017,328100.0,124721.0,Diesel,Individual,Manual,First Owner
Mahindra XUV500,2009,115600.0,177550.0,Petrol,Individual,Automatic,First Owner
Renault Triber,2010,107800.0,64172.0,Petrol,Individual,Manual,First Owner
Nissan Micra,2021,381000.0,45885.0,Petrol,Dealer,Manual,Test Drive Car
Audi Q3,2019,2964300.0,7414.0,Diesel,Trustmark Dealer,Manual,First Owner
BMW X3,2009,343000.0,177498.0, Petrol ,Individual,Manual,Third Owner
Nissan Sunny,2017,154300.0,116677.0,Petrol,Individual,Manual,Fourth & Above Owner
Skoda Rapid,2017,312300.0,131890.0,Petrol,Dealer,Manual,First Owner
Mercedes-Benz GLA,2015,1128400.0,108411.0,Petrol,Individual,Manual,First Owner
Audi A6,2010,555200.0,141314.0,Petrol,Individual,Manual,First Owner
Chevrolet Spark,2006,66700.0,130519.0,Petrol,Dealer,Automatic,First Owner
Mahindra Thar,2023,555300.0,27835.0,Petrol,Individual,Manual,Third Owner
BMW X3,2015,1075200.0,127673.0,Petrol,Dealer,Manual,Second Owner
Nissan Micra,2006,55600.0,49848.0,DIESEL,Individual,Manual,Fourth & Above Owner
Skoda Octavia,2023,586500.0,73532.0,Petrol,Dealer,Manual,First Owner
Skoda Octavia,2016,319500.0,71481.0,Petrol,Individual,Manual,Second Owner
Mahindra XUV300,2005,69000.0,181012.0,Petrol,Dealer,Automatic,Second Owner
Mahindra XUV500,2015,223100.0,97110.0,Diesel,Individual,Manual,Second Owner
Audi Q3,2008,452700.0,124093.0,DIESEL,Dealer,Manual,First Owner
Toyota Glanza,2019,372400.0,86383.0,Petrol,Individual,Manual,Third Owner
Mercedes-Benz E-Class,2010,574800.0,129657.0,Diesel,Individual,Manual,Third Owner
Maruti Swift,2018,234500.0,90603.0,petrol,Dealer,MANUAL,Second Owner
Skoda Octavia,2009,106300.0,135834.0,CNG,Dealer,Automatic,Second Owner
Maruti Swift,2012,99800.0,138303.0,PETROL,Dealer, Manual ,Third Owner
Hyundai Grand i10,2005,55200.0,137044.0,Petrol,Individual,Manual,First Owner
Nissan Terrano,2023,419400.0,120674.0,Petrol,Individual,Automatic,First Owner
Renault Triber,2008,69000.0,159408.0,Diesel,Dealer,Manual,First Owner
Chevrolet Spark,2016,181800.0,101606.0,Diesel,Dealer,manual,Third Owner
Honda Amaze,2014,173300.0,77111.0,Diesel,Dealer,Manual,Fourth & Above Owner
Ford Figo,2008,116500.0,66253.0,petrol,Trustmark Dealer,Manual,First Owner
Skoda Superb,2023,733500.0,82001.0,Diesel,Individual,Manual,Second Owner
Audi A4,2017,1357600.0,158042.0,Petrol,Dealer,Manual,Test Drive Car
Chevrolet Cruze,2018,202100.0,116027.0,Petrol,Dealer,MANUAL,Third Owner
Toyota Glanza,2015,377000.0,109841.0, Diesel ,Individual,Automatic,First Owner
Maruti WagonR,2006,57300.0,80005.0,Diesel,Dealer,Manual,Third Owner
Volkswagen Ameo,2011,128600.0,144645.0,Electric,Individual,Manual,First Owner
Volkswagen Ameo,2007,114100.0,99360.0,Petrol,Trustmark Dealer,Automatic,First Owner
Tata Altroz,2005,56900.0,134678.0,Petrol,Individual,Manual,Second Owner
Renault Triber,2014,147400.0,89083.0,Diesel,Individual,Manual,
Volkswagen Ameo,2023,475700.0,118343.0,Petrol,Dealer,Manual,First Owner
Skoda Superb,2020,551600.0,61859.0,Petrol,Individual,Manual,First Owner
Chevrolet Spark,2023,333700.0,109915.0,CNG,Individual,Manual,First Owner
Volkswagen Ameo,2008,85600.0,153322.0,PETROL,Dealer,Manual,First Owner
Renault Duster,2012,109100.0,103988.0,Diesel,Trustmark Dealer,Manual,First Owner
Mercedes-Benz C-Class,2023,3473000.0,58680.0,Diesel,Individual,manual,First Owner
Mahindra XUV500,2017,367800.0,61836.0,petrol,Dealer,manual,First Owner
Hyundai Grand i10,2010,94900.0,149645.0,CNG,Individual,Automatic,First Owner
Tata Harrier,2013,100000.0,143151.0,Diesel,Individual,Manual,Fourth & Above Owner
Mercedes-Benz C-Class,2016,1866800.0,51826.0,,Dealer,Manual,First Owner
Nissan Micra,2006,45400.0,141083.0,Petrol,INDIVIDUAL,Manual,Second Owner
Chevrolet Spark,2018,225100.0,88559.0,Petrol,Trustmark Dealer,Manual,First Owner
Mercedes-Benz GLA,2013,789800.0,136750.0,Petrol,dealer,AUTOMATIC,Second Owner
Chevrolet Cruze,2023,370000.0,113364.0,Diesel,Individual,Automatic,Second Owner
Audi Q3,2015,1010600.0,102551.0,Petrol,Individual,MANUAL,Second Owner
Nissan Micra,2020,310100.0,46551.0,LPG,Individual,Manual,First Owner
Hyundai Venue,2010,115200.0,107545.0,,Individual,Manual,First Owner
Maruti Baleno,2007,73900.0,110630.0,Diesel,Dealer,Manual,First Owner
Audi Q3,2023,2726600.0,30577.0,Petrol,Individual,Manual,Second Owner
Chevrolet Spark,2013,122900.0,41876.0, Petrol ,Individual,Manual,Fourth & Above Owner
Maruti Alto,2019,359500.0,74566.0,Diesel,Dealer,Automatic,First Owner
Nissan Sunny,2007,42900.0,154216.0,Petrol,Individual,Manual,Second Owner
Hyundai i20,2009,76000.0,122026.0,Petrol,Dealer,Manual,First Owner
Nissan Sunny,2021,357500.0,74194.0,Petrol,Dealer,Manual,First Owner
Chevrolet Cruze,2020,244100.0,114339.0,Petrol,Dealer,Manual,Second Owner
Nissan Micra,2023,403900.0,44466.0,Petrol,Individual,Manual,Second Owner
Mahindra XUV500,2009,136200.0,100242.0,Diesel,Individual,Manual,First Owner
Nissan Terrano,2019,289900.0,67994.0,petrol,Individual,Manual,First Owner
Mercedes-Benz C-Class,2015,1086800.0,120153.0,Petrol,Dealer,Manual,First Owner
Renault Duster,2020,183300.0,117677.0,LPG,Individual,Manual,Second Owner
Mercedes-Benz GLA,2006,410000.0,153335.0,Diesel,Individual,Manual,Second Owner
Honda City,2020,564600.0,52086.0,diesel,Trustmark Dealer,Automatic,First Owner
Volkswagen Ameo,2005,86500.0,50658.0,Diesel,Dealer,Manual,Second Owner
Skoda Superb,2020,420700.0,123278.0,Diesel,Dealer,Manual,First Owner
Toyota Corolla,2012,193100.0,56895.0, LPG ,Individual,Automatic,Second Owner
BMW X3,2023,3490200.0,27825.0,Petrol,Individual,Automatic,First Owner
Maruti Dzire,2015,123800.0,152481.0,Petrol,Individual,Manual,First Owner
Mahindra XUV300,2006,74500.0,142741.0,petrol,Individual,Manual,
Mercedes-Benz C-Class,2022,3879800.0,51058.0,,Dealer,Automatic,First Owner
BMW X3,2020,2365100.0,,petrol,dealer,Automatic,Second Owner
BMW X3,2018,1590700.0,88453.0,Petrol,Individual,Manual,First Owner
Hyundai Venue,2018,296600.0,36055.0,Petrol,Dealer,manual,Second Owner
Audi A4,2021,2221200.0,77764.0,Petrol,Individual,Manual,Second Owner
Tata Harrier,2022,380700.0,107417.0,Diesel,Individual,Manual,Second Owner
Hyundai Santro,2018,257500.0,97540.0,,Trustmark Dealer,Automatic,Second Owner
BMW 3 Series,2014,908600.0,157658.0,Petrol,Dealer,Manual,First Owner
Chevrolet Spark,2013,156800.0,43992.0, Diesel ,Individual,Manual,Second Owner
Audi Q3,2020,2521200.0,67455.0,Petrol,Trustmark Dealer,Automatic,Second Owner
BMW 3 Series,2022,2661000.0,53457.0,Petrol,Dealer,Automatic,Third Owner
Hyundai Verna,2022,429600.0,79560.0,Petrol,Individual,Manual,First Owner
Renault Kwid,2020,281600.0,41558.0,Petrol,Individual,Manual,Third Owner
Mahindra Bolero,2018,436700.0,70201.0,Petrol,Dealer,Automatic,First Owner
Chevrolet Cruze,2017,178000.0,87299.0,Petrol,Trustmark Dealer,Manual,First Owner
Maruti Dzire,2005,37700.0,182761.0,Petrol,Individual,Manual,First Owner
Renault Kwid,2021,344400.0,91879.0,Petrol,Individual,Manual,First Owner
Tata Harrier,2023,291400.0,135094.0,Diesel,Individual,Manual,Third Owner
Hyundai Venue,2018,262400.0,105193.0,Petrol,INDIVIDUAL,manual,First Owner
Toyota Etios,2013,237700.0,101428.0,Petrol,Dealer,Automatic,Second Owner
Mercedes-Benz E-Class,2012,429600.0,194879.0,,Individual,Automatic,Fourth & Above Owner
Nissan Terrano,2015,196500.0,100529.0,Diesel,Dealer,Manual,First Owner
Honda Jazz,2009,112900.0,145644.0,,Individual,manual,First Owner
Toyota Corolla,2022,691100.0,64472.0,diesel,Individual,manual,First Owner
Hyundai Creta,2007,118500.0,58554.0,Diesel,Individual,Automatic,First Owner
Tata Altroz,2017,262500.0,95068.0,Diesel,,Automatic,First Owner
Mercedes-Benz C-Class,2008,443300.0,128940.0,Petrol,Individual,Manual,Second Owner
BMW 3 Series,2005,308600.0,127617.0,Petrol,Individual,Manual,Third Owner
Hyundai Creta,2019,231200.0,127572.0,CNG,Dealer,Manual,First Owner
Tata Safari,2016,,156696.0,Diesel,Individual,Automatic,Fourth & Above Owner
Skoda Rapid,2011,229500.0,67633.0,Petrol,Dealer,Manual,First Owner
Mercedes-Benz GLA,2012,1004000.0,49663.0,Petrol,Individual,Manual,First Owner
Mercedes-Benz C-Class,2005,394000.0,147846.0,Petrol,DEALER,Manual,First Owner
Renault Duster,2018,219600.0,123641.0,Petrol, Dealer ,Automatic,Test Drive Car
Ford Endeavour,2008,61500.0,174548.0,LPG,Dealer,AUTOMATIC,Second Owner
Toyota Corolla,2008,152300.0,61273.0,Diesel,Dealer,Manual,First Owner
Mahindra Thar,2010,213200.0,66460.0,Petrol,Trustmark Dealer,Automatic,First Owner
Skoda Superb,2018,370700.0,106582.0,Petrol,Individual,Manual,First Owner
Volkswagen Vento,2022,577300.0,77736.0,,Individual,Automatic,Second Owner
Mahindra Scorpio,2017,247300.0,105824.0,LPG,Individual,Manual,First Owner
Ford EcoSport,2013,190900.0,127453.0,Petrol,Individual,Automatic,First Owner
Honda Jazz,2009,172600.0,50104.0,Diesel,Dealer,Automatic,Second Owner
Ford Figo,2008,67700.0,167706.0,Petrol,Dealer,Manual,Fourth & Above Owner
Audi A4,2007,,83144.0,Diesel,Dealer,Manual,First Owner
Maruti Baleno,2011,72000.0,108336.0,CNG,Individual,Manual,Third Owner
Mercedes-Benz GLA,2013,1008700.0,46173.0,cng,Individual,Automatic,First Owner
Toyota Corolla,2006,65900.0,190245.0,Petrol,Trustmark Dealer,Manual,Third Owner
Hyundai Verna,2014,195100.0,141348.0,Diesel,Trustmark Dealer,Manual,Test Drive Car
Hyundai Grand i10,2016,287800.0,113571.0,Diesel,Dealer,Automatic,First Owner
Honda City,2012,182200.0,144056.0,Petrol,Trustmark Dealer,Automatic,First Owner
BMW X3,2007,395100.0,118830.0,Petrol,Individual,Automatic,First Owner
Ford Endeavour,2008,79000.0,153677.0,Diesel,Individual,Manual,First Owner
Audi A4,2020,2108400.0,74229.0,Diesel,Individual,Manual,First Owner
Mercedes-Benz GLA,2007,455000.0,98521.0,petrol,Individual,Manual,First Owner
Audi Q3,2022,2311800.0,122460.0,Petrol,Trustmark Dealer,Manual,First Owner
Nissan Micra,2006,50300.0,155957.0,Petrol,Individual,manual,Second Owner
Skoda Superb,2009,150700.0,92905.0, Petrol ,Individual,Manual,First Owner
Mercedes-Benz E-Class,2016,1290700.0,106029.0,Diesel,Individual,manual,Test Drive Car
Skoda Octavia,2023,777300.0,40457.0,Petrol,Individual,Automatic,Second Owner
BMW X1,2013,912000.0,90272.0,Petrol,Dealer,Manual,First Owner
Renault Triber,2016,157500.0,102797.0,Petrol,Dealer,Manual,Test Drive Car
Hyundai Santro,2019,286000.0,91076.0,Diesel,Dealer,Manual,Second Owner
Honda City,2010,103600.0,137726.0,Petrol,Individual,Automatic,Second Owner
Maruti Vitara Brezza,2016,213900.0,54297.0,PETROL,Individual,Manual,First Owner
Renault Kwid,2015,176700.0,84847.0,Diesel,Individual,Manual,First Owner
Ford Endeavour,2018,277600.0,84966.0,Petrol,Individual,Manual,First Owner
Renault Duster,2007,45500.0,182336.0,Petrol,Dealer,Manual,First Owner
Tata Altroz,2007,67700.0,140817.0,Diesel,Individual, Manual ,Second Owner
Renault Triber,2014,141400.0,80161.0,diesel,Individual,Manual,First Owner
Chevrolet Spark,2019,204600.0,53428.0,Petrol,Individual,Manual,Third Owner
Nissan Sunny,2022,386400.0,75622.0,DIESEL,Individual, Manual ,Third Owner
Honda Jazz,2016,295600.0,77063.0,Petrol,Dealer,Manual,First Owner
Honda Amaze,2013,,150472.0,Diesel,Dealer,Manual,First Owner
Maruti Vitara Brezza,2014,154100.0,145341.0,CNG,dealer,Automatic,First Owner
Chevrolet Cruze,2014,150200.0,98962.0, Petrol ,Dealer,Manual,Test Drive Car
Skoda Octavia,2020,477500.0,102254.0,Petrol,,Manual,Second Owner
Mercedes-Benz GLA,2016,1573400.0,102316.0,Diesel,Trustmark Dealer,Manual,First Owner
Renault Triber,2016,174600.0,81231.0,Diesel,Dealer,Manual,First Owner
Nissan Micra,2022,349500.0,44383.0,Diesel,Individual,manual,Fourth & Above Owner
Honda City,2023,661300.0,94170.0,Petrol,individual,Automatic,First Owner
Volkswagen Vento,2010,130200.0,55568.0,Petrol,INDIVIDUAL,Manual,First Owner
Chevrolet Beat,2020,251600.0,90061.0,Diesel,Individual,Manual,Third Owner
Tata Safari,2005,58700.0,146662.0,Diesel,Dealer,Automatic,Second Owner
Mercedes-Benz E-Class,2019,2129400.0,29379.0,Diesel,Individual,Manual,Second Owner
Tata Safari,2009,,126002.0,Diesel,Individual,Manual,Third Owner
Toyota Fortuner,2012,264900.0,107191.0,Diesel,Dealer,Automatic,First Owner
Mahindra XUV500,2005,73100.0,144568.0,Diesel,Individual,Manual,Second Owner
Ford Aspire,2021,383700.0,52517.0,Petrol,Trustmark Dealer,Manual,Third Owner
Ford Figo,2021,343500.0,53236.0,Petrol,Individual,Manual,Third Owner
BMW X1,2022,3250600.0,61711.0,Petrol,Trustmark Dealer,Manual,First Owner
Toyota Fortuner,2010,209000.0,122287.0,DIESEL,Individual,Automatic,First Owner
Maruti Ertiga,2014,179300.0,93430.0, Electric ,Individual,Manual,First Owner
Ford Endeavour,2023,578500.0,19620.0,DIESEL,Individual,Manual,First Owner
Audi A6,2009,622800.0,178267.0,Diesel,Trustmark Dealer,Automatic,Second Owner
Toyota Glanza,2015,182000.0,162601.0,Petrol,Dealer,Manual,
Audi A6,2016,1364600.0,60480.0,Petrol,Dealer,Automatic,Fourth & Above Owner
Hyundai Santro,2009,85100.0,104582.0,Diesel,Individual,MANUAL,Third Owner
Skoda Superb,2013,127600.0,144759.0,petrol,Dealer,Manual,Fourth & Above Owner
Toyota Etios,2014,265700.0,85541.0,Petrol,Dealer,Manual,First Owner
Mahindra XUV500,2017,383700.0,77624.0,Diesel,Dealer,Manual,First Owner
Skoda Rapid,2011,183800.0,103776.0,diesel,Individual,Manual,First Owner
Volkswagen Vento,2007,93100.0,79852.0,Petrol,Individual,Manual,First Owner
Mahindra Scorpio,2022,587000.0,45798.0,Petrol,Individual,Manual,First Owner
BMW X1,2010,551400.0,171970.0,Diesel,Individual,manual,Test Drive Car
Skoda Octavia,2019,455100.0,59570.0,petrol,Dealer,Manual,First Owner
Audi Q3,2017,1158100.0,154559.0,LPG,Individual,Manual,First Owner
Toyota Corolla,2006,133500.0,3523650.0,Diesel,Dealer,Automatic,First Owner
Audi Q3,2015,1010600.0,102551.0,Petrol,Individual,MANUAL,Second Owner
Hyundai i20,2022,348300.0,145735.0,Diesel,Trustmark Dealer,Manual,Third Owner
Renault Triber,2008,80500.0,113034.0,Diesel,Dealer,MANUAL,First Owner
Tata Safari,2007,46800.0,183045.0,Diesel,Dealer,Manual,Second Owner
Tata Harrier,2011,171700.0,33768.0,diesel,Dealer,Manual,First Owner
Audi Q3,2010,610400.0,160663.0,Petrol,Dealer,Manual,First Owner
Renault Duster,2007,57200.0,132447.0,Diesel,Dealer,Manual,First Owner
Hyundai Grand i10,2020,339100.0,62432.0,Petrol,Individual,MANUAL,First Owner
Nissan Terrano,2005,54400.0,61285.0,Petrol,Individual,Manual,Second Owner
Toyota Fortuner,2017,376400.0,100031.0,Diesel,Individual,Manual,First Owner
Honda Jazz,2006,62400.0,165739.0,Diesel,Individual,Manual,First Owner
Audi A6,2015,1002700.0,115563.0,Diesel,Individual,Manual,Second Owner
Tata Tiago,2007,116900.0,58955.0,Petrol,Dealer,Automatic,First Owner
Audi A4,2019,2047500.0,72857.0,Diesel,Individual,MANUAL,First Owner
Ford Aspire,2011,134500.0,91443.0,Petrol,Individual,Automatic,
Volkswagen Ameo,2010,123900.0,91174.0,Petrol,Dealer,Manual,Second Owner
Hyundai Creta,2017,236900.0,97752.0,Diesel, Individual ,Manual,First Owner
BMW X3,2007,400400.0,129329.0,Petrol,Individual,Manual,First Owner
Maruti Ertiga,2019,226700.0,100597.0,Diesel,Individual,Manual,Third Owner
Mercedes-Benz C-Class,2006,309200.0,155008.0,Petrol,Individual,Manual,Second Owner
Toyota Fortuner,2008,131100.0,109641.0,Diesel,Trustmark Dealer,Manual,Second Owner
Skoda Rapid,2020,618500.0,71265.0,Diesel,Dealer,Manual,First Owner
Tata Altroz,2006,48900.0,190924.0,Petrol,Individual,Automatic,Second Owner
Honda City,2012,129700.0,161086.0,Petrol,Individual,Manual,First Owner
Mercedes-Benz E-Class,2019,1818700.0,85343.0,Petrol,Individual,Manual,Second Owner
Honda Amaze,2010,109100.0,122380.0,CNG,Individual,Manual,Second Owner
Maruti Ertiga,2005,53800.0,116218.0,Diesel,Individual,Manual,First Owner
Maruti Ertiga,2017,260500.0,60341.0,Petrol,Individual,Manual,First Owner
Toyota Innova,2018,354300.0,126794.0,Diesel,Individual,Manual,Second Owner
Toyota Innova,2010,181500.0,49180.0,Diesel,Individual,Automatic,
Renault Triber,2021,315300.0,82745.0,DIESEL,Individual,Manual,First Owner
Volkswagen Polo,2012,124500.0,126831.0,Petrol,Dealer,Manual,Second Owner
Toyota Glanza,2006,62900.0,193241.0,LPG,Individual,Automatic,First Owner
Mahindra XUV500,2022,730900.0,36740.0,Petrol,Trustmark Dealer,Manual,Second Owner
Hyundai Verna,2013,143100.0,72049.0,Petrol,Individual,Manual,Fourth & Above Owner
Renault Kwid,2009,73500.0,123245.0,Petrol,Dealer,Manual,Second Owner
Audi A6,2017,1407800.0,62423.0,Diesel,Individual,Manual,Third Owner
Toyota Corolla,2016,362600.0,13773.0,Petrol, Individual ,Manual,First Owner
Skoda Rapid,2013,232600.0,86067.0,Petrol,Trustmark Dealer,Manual,First Owner
BMW 5 Series,2020,2305900.0,93050.0,Petrol,Individual,Automatic,First Owner
Nissan Micra,2019,,65836.0,petrol,Individual,Automatic,Second Owner
BMW X3,2016,1521800.0,65824.0,Diesel,Dealer,Manual,First Owner
Audi A6,2014,1099400.0,112540.0,,Trustmark Dealer,Manual,Fourth & Above Owner
Hyundai Santro,2018,285000.0,101655.0,Diesel,Dealer,Manual,Second Owner
Mahindra XUV300,2021,717700.0,57930.0,Diesel,Individual,Automatic,First Owner
BMW 5 Series,2010,619800.0,128546.0,Diesel,Trustmark Dealer,Manual,Second Owner
Toyota Corolla,2016,336900.0,56526.0,Petrol,dealer,Manual,First Owner
Volkswagen Vento,2009,82400.0,129890.0,CNG,Individual,Manual,Second Owner
Skoda Rapid,2008,88400.0,154697.0,CNG,Individual,Manual,First Owner
Mercedes-Benz E-Class,2018,1713000.0,112831.0,Diesel,Individual,Manual,First Owner
Volkswagen Vento,2017,264500.0,112380.0,DIESEL,Individual,Manual,First Owner
Volkswagen Vento,2008,137400.0,75766.0,Petrol,Dealer,Automatic,First Owner
Renault Triber,2007,69200.0,109142.0,Petrol,individual,Manual,First Owner
Audi A4,2022,3652500.0,37730.0,Electric,Individual,Manual,Second Owner
Audi Q3,2023,3700400.0,,Petrol,Dealer,Automatic,Test Drive Car
Nissan Sunny,2006,70400.0,127336.0,,Dealer,Manual,First Owner
Nissan Terrano,2020,277000.0,40753.0,Petrol,Individual,Manual,Second Owner
Tata Safari,2016,278300.0,9949.0,Petrol,Individual,Automatic,First Owner
Volkswagen Polo,2006,98600.0,132503.0,Diesel,Individual,Automatic,First Owner
Chevrolet Cruze,2014,167300.0,74921.0,Petrol,Individual,Automatic,Test Drive Car
Ford EcoSport,2006,74300.0,153719.0,Diesel,Dealer,Manual,First Owner
Toyota Innova,2022,563100.0,89284.0,Petrol,Individual,Manual,Second Owner
Mercedes-Benz E-Class,2009,884000.0,35544.0,Diesel,Dealer,Manual,Second Owner
Honda WR-V,2014,175300.0,116440.0,Petrol,Individual,Manual,First Owner
Mercedes-Benz C-Class,2015,1492500.0,100812.0,Diesel,Trustmark Dealer,Manual,First Owner
Nissan Terrano,2019,287700.0,93625.0, Diesel ,Individual,Automatic,Second Owner
Skoda Octavia,2015,302400.0,87131.0,Diesel,Individual,Manual,First Owner
Toyota Corolla,2007,99900.0,87853.0,Petrol,Dealer,Manual,Third Owner
Skoda Octavia,2017,266300.0,81866.0, Petrol ,Individual,Manual,Fourth & Above Owner
Tata Tiago,2023,527800.0,21309.0,Petrol,Individual,Manual,Second Owner
Chevrolet Cruze,2010,115100.0,88870.0,Petrol,Dealer,Automatic,First Owner
Chevrolet Beat,2019,265700.0,500.0,Diesel,Dealer,Manual,Third Owner
Audi A4,2010,833800.0,139525.0,Electric,Individual,manual,Second Owner
Chevrolet Beat,2011,91100.0,129939.0,Petrol,Individual,Manual,First Owner
Toyota Glanza,2006,121100.0,78448.0,Diesel,Individual,Automatic,Second Owner
Honda Jazz,2023,574100.0,81606.0,Diesel,Individual,Manual,First Owner
Mercedes-Benz E-Class,2008,575500.0,115046.0,Diesel,Dealer,Manual,First Owner
Renault Kwid,2016,209900.0,30279.0,Petrol,Trustmark Dealer,Manual,Second Owner
Hyundai Grand i10,2017,186200.0,108080.0,CNG,Dealer,Manual,Third Owner
Maruti Dzire,2008,77800.0,110834.0,Petrol,Individual,Manual,First Owner
Hyundai Creta,2016,242500.0,82747.0,Petrol,Dealer,manual,Second Owner
Toyota Fortuner,2010,182100.0,93559.0,Diesel,Individual,Manual,
Mercedes-Benz E-Class,2007,331500.0,209630.0, Diesel ,Dealer,AUTOMATIC,Fourth & Above Owner
Chevrolet Spark,2015,188600.0,32663.0,Petrol,Individual,Manual,First Owner
BMW X3,2020,1922600.0,56765.0,LPG,Individual,Manual,Test Drive Car
Toyota Corolla,2012,245900.0,140592.0,Diesel,Trustmark Dealer,Automatic,First Owner
Mercedes-Benz GLA,2014,1033400.0,131801.0,Petrol,Individual,MANUAL,First Owner
Mercedes-Benz C-Class,2006,479000.0,123456.0,Petrol,Dealer,Manual,First Owner
Skoda Superb,2015,290400.0,120681.0,Petrol,DEALER,Manual,First Owner
Maruti Baleno,2020,390700.0,51826.0,Diesel,Dealer,Manual,First Owner
Nissan Sunny,2007,56400.0,155611.0,Petrol,,Manual,First Owner
Hyundai Verna,2009,67100.0,152896.0,Petrol,Individual,Manual,Fourth & Above Owner
Skoda Octavia,2012,,158428.0,PETROL,Dealer,Manual,Second Owner
Renault Kwid,2006,37400.0,154340.0,Petrol,Individual,Manual,Second Owner
Hyundai Grand i10,2005,59800.0,143951.0,Diesel,Individual,Manual,First Owner
Audi Q3,2016,974600.0,154677.0,petrol,Individual,Manual,First Owner
Nissan Sunny,2006,39500.0,175844.0,Petrol,Individual,MANUAL,First Owner
BMW X1,2013,806800.0,148125.0,Petrol,Individual,Manual,First Owner
Mercedes-Benz C-Class,2021,2235400.0,111801.0,Diesel,Dealer,Manual,Second Owner
Volkswagen Polo,2016,209300.0,104758.0,Diesel,Individual,Manual,
Mahindra Scorpio,2023,457100.0,58906.0,Petrol,Individual,Manual,Third Owner
Hyundai Venue,2016,226300.0,75273.0,DIESEL,Individual,automatic,Third Owner
Skoda Superb,2018,,70160.0,Diesel,Dealer,Manual,First Owner
Renault Triber,2008,76700.0,129886.0,Petrol,Individual,Automatic,First Owner
Audi A4,2007,546100.0,83162.0,Diesel,Individual,Automatic,First Owner
Tata Nexon,2005,51600.0,129874.0,Petrol,Dealer,Manual,First Owner
Maruti Vitara Brezza,2009,88400.0,81610.0,Petrol,Individual,Manual,First Owner
Chevrolet Cruze,2014,99200.0,160600.0,Diesel,Individual,Manual,First Owner
Nissan Micra,2023,375900.0,101668.0,Petrol,DEALER,Manual,First Owner
Mahindra XUV300,2018,508100.0,49574.0,Diesel,Dealer,automatic,First Owner
Nissan Micra,2019,250700.0,114235.0,petrol,Dealer,Manual,First Owner
Audi A4,2015,1343700.0,79005.0,Petrol,Dealer,Manual,First Owner
Audi A4,2018,1796200.0,28026.0,Petrol,Dealer,Manual,First Owner
Maruti WagonR,2014,,110538.0,CNG,Dealer,Manual,First Owner
BMW 5 Series,2018,1538100.0,113020.0,Petrol,Individual,Manual,First Owner
Audi A6,2016,1423300.0,54070.0,Petrol,Dealer, Manual ,Second Owner
Chevrolet Beat,2014,113800.0,123547.0,Petrol, Individual ,Manual,Test Drive Car
Skoda Octavia,2019,475900.0,86177.0,Petrol,Individual,Manual,First Owner
Renault Triber,2012,93700.0,111765.0,Petrol,Individual,Automatic,Third Owner
Skoda Octavia,2015,289600.0,,Electric,Individual,Manual,Third Owner
Renault Duster,2013,82500.0,,LPG,Individual,Manual,Third Owner
Honda Civic,2016,188400.0,71050.0, Petrol ,Dealer,Manual,Fourth & Above Owner
Nissan Micra,2023,329500.0,97073.0,CNG,Individual,manual,Second Owner
Ford Aspire,2006,85000.0,100849.0,Petrol,Individual,Manual,Second Owner
Mahindra Thar,2019,362300.0,81974.0,Petrol,Dealer,Manual,First Owner
Nissan Micra,2015,206700.0,21378.0, Petrol ,Individual,Manual,First Owner
Toyota Etios,2021,613200.0,500.0,Petrol,individual,Automatic,Third Owner
Chevrolet Spark,2015,161300.0,92923.0,Diesel,Dealer,manual,Third Owner
Renault Duster,2013,123400.0,53991.0, Diesel ,Individual,Manual,Third Owner
Chevrolet Beat,2009,77800.0,,Petrol,Dealer,Manual,First Owner
Hyundai Verna,2011,115000.0,129619.0,PETROL,Individual,Manual,Second Owner
Toyota Etios,2008,145200.0,135168.0,Diesel,Individual,Automatic,First Owner
Volkswagen Vento,2007,85900.0,97801.0,Petrol,Individual,Manual,First Owner
Ford Figo,2023,552100.0,113833.0,Petrol,Individual,Automatic,First Owner
Toyota Glanza,2013,209400.0,129266.0,Petrol,Dealer,Manual,Second Owner
Skoda Rapid,2007,91000.0,136273.0,Petrol,Individual,Automatic,Fourth & Above Owner
BMW X1,2016,1303900.0,92859.0,Petrol,Individual,Automatic,
Skoda Octavia,2013,185500.0,93173.0,LPG,Individual,Manual,Second Owner
Nissan Sunny,2013,129900.0,110743.0,Petrol,Dealer,Manual,First Owner
Ford Figo,2023,511400.0,78202.0,Diesel,Individual,Manual,First Owner
Hyundai Verna,2015,242100.0,75986.0,Diesel,individual,Manual,First Owner
Maruti Ertiga,2005,63000.0,128776.0,Diesel,Dealer,Manual,First Owner
Tata Harrier,2021,531300.0,29523.0,Diesel,Individual,Automatic,First Owner
Mahindra Bolero,2005,73700.0,118533.0,Diesel,Individual,Manual,Third Owner
Maruti Alto,2010,98200.0,119137.0,Diesel,Individual,Manual,Test Drive Car
Maruti Alto,2005,42200.0,170094.0,Petrol,Individual,Manual,First Owner
Mercedes-Benz GLA,2019,1266700.0,166038.0,Petrol,Individual,Manual,First Owner
Skoda Octavia,2006,,101143.0,Petrol,Dealer,Manual,First Owner
Nissan Terrano,2018,271800.0,73910.0,Petrol,Individual,Manual,First Owner
Audi A4,2012,755400.0,117734.0,Diesel,Dealer,Manual,Third Owner
Skoda Superb,2020,622600.0,6166.0,Diesel,Trustmark Dealer,Manual,First Owner
Skoda Octavia,2010,144800.0,132618.0,Petrol,INDIVIDUAL,Manual,First Owner
Audi A6,2016,1150300.0,96715.0,Petrol,Dealer,Manual,Third Owner
Tata Tiago,2009,101200.0,119206.0,Diesel,Dealer,manual,First Owner
Audi Q3,2019,1880400.0,80724.0,Petrol,Dealer,Manual,First Owner
Toyota Etios,2015,253300.0,94941.0,Diesel,DEALER, Manual ,Third Owner
Renault Triber,2013,114900.0,147424.0,Petrol,Individual,Manual,First Owner
Maruti Swift,2008,92800.0,86403.0,Petrol,Individual,Automatic,First Owner
Chevrolet Cruze,2010,78000.0,115897.0,Petrol,Individual,Manual,Second Owner
Hyundai Santro,2020,349900.0,95102.0,Diesel,Individual,Manual,Second Owner
Honda Amaze,2005,52000.0,174848.0,Diesel,DEALER,Manual,First Owner
Mahindra Bolero,2020,338800.0,152348.0,Petrol,Individual,Manual,First Owner
BMW 5 Series,2023,2092600.0,95231.0,Petrol,Individual,Manual,Second Owner
Renault Kwid,2017,250500.0,60580.0,PETROL,Dealer,Manual,First Owner
Skoda Superb,2013,235600.0,96827.0,Petrol,Dealer,Manual,First Owner
Mahindra Scorpio,2019,436600.0,79686.0,Petrol,Individual,Automatic,First Owner
Mercedes-Benz E-Class,2021,2763100.0,73594.0,Diesel, Individual ,Manual,First Owner
Hyundai Verna,2012,174700.0,32539.0,Petrol,Individual,Manual,First Owner
Audi A4,2010,613800.0,133335.0,Petrol,Individual,Manual,First Owner
Skoda Rapid,2012,267400.0,41017.0,Petrol,Individual,Automatic,First Owner
Mahindra Thar,2005,105900.0,129236.0,Petrol,Trustmark Dealer,Automatic,Test Drive Car
Renault Triber,2021,271100.0,113209.0,Diesel,Dealer,Manual,Second Owner
Skoda Octavia,2013,208500.0,56192.0,Petrol,Dealer,Manual,Second Owner
Honda Jazz,2009,97900.0,161570.0, Diesel ,,Manual,Third Owner
Audi Q3,2006,403900.0,167413.0,Electric,Individual,Manual,First Owner
Chevrolet Cruze,2017,215200.0,62121.0,Diesel,Dealer,Manual,Second Owner
Maruti Vitara Brezza,2015,162700.0,117713.0,Petrol,Individual,Manual,First Owner
Toyota Innova,2010,149000.0,105392.0,Petrol,Individual,Manual,First Owner
Toyota Innova,2008,180900.0,146890.0,Electric,Dealer,automatic,Second Owner
Nissan Terrano,2016,229500.0,42850.0,CNG,Dealer,Automatic,First Owner
Chevrolet Beat,2005,59500.0,96758.0,Petrol,Dealer,Automatic,Second Owner
Audi A4,2008,547500.0,110861.0,Diesel,Individual,Manual,Second Owner
Ford EcoSport,2011,216600.0,50676.0,Diesel,Trustmark Dealer,Automatic,First Owner
Maruti Dzire,2019,331400.0,99833.0,Petrol,Individual,Automatic,First Owner
Tata Nexon,2007,66900.0,159023.0,Diesel,Individual,Manual,First Owner
Renault Kwid,2016,155800.0,137654.0,Diesel,Individual,Manual,First Owner
Chevrolet Cruze,2011,58600.0,180254.0,Diesel,Trustmark Dealer,Manual,Fourth & Above Owner
Maruti Ertiga,2023,519800.0,65356.0,Diesel,Dealer,Manual,First Owner
Volkswagen Ameo,2014,120500.0,187685.0,Diesel,Individual,Manual,Second Owner
Renault Kwid,2021,284700.0,100014.0,PETROL,Dealer,Manual,First Owner
Volkswagen Polo,2011,160400.0,79770.0,Petrol,Dealer,Manual,First Owner
Hyundai i20,2017,275000.0,81800.0,Diesel,individual,Manual,First Owner
Nissan Terrano,2009,103200.0,90566.0,Diesel,Dealer,Manual,First Owner
Renault Kwid,2010,114500.0,59382.0,Petrol,Dealer,Automatic,First Owner
Honda WR-V,2018,303000.0,106446.0,Petrol,Individual,Automatic,First Owner
Honda Civic,2011,176700.0,137885.0,electric,Dealer,Manual,First Owner
Toyota Innova,2017,310100.0,122516.0,Petrol,Dealer,Manual,First Owner
Toyota Innova,2022,635400.0,65452.0,Diesel,Individual,Manual,First Owner
Ford Endeavour,2009,125900.0,92697.0,Petrol,Individual,Automatic,Second Owner
Toyota Glanza,2017,376000.0,64861.0,Petrol,Dealer,Manual,Second Owner
BMW X1,2011,533600.0,165715.0,PETROL,Dealer,Manual,Second Owner
Mahindra Thar,2014,187900.0,94124.0,LPG,Individual,Automatic,Second Owner
Mercedes-Benz C-Class,2020,2641100.0,61014.0,Diesel,Individual,Manual,Test Drive Car
Ford Aspire,2009,72800.0,146230.0,CNG,Dealer,Manual,Third Owner
Volkswagen Polo,2017,300500.0,57342.0,Petrol,Dealer,Manual,Second Owner
BMW 5 Series,2021,2014800.0,92604.0,Diesel,Dealer,Manual,Second Owner
Mahindra Scorpio,2008,90400.0,130644.0,lpg,Dealer,Manual,Second Owner
Tata Tiago,2010,124800.0,84217.0, Diesel ,Trustmark Dealer,Manual,
Tata Tiago,2009,112800.0,91412.0,Petrol,Individual,Automatic,First Owner
Nissan Micra,2016,194500.0,58523.0, Diesel ,Individual,Manual,Second Owner
Audi A4,2014,992500.0,79492.0,Petrol,Dealer,Manual,Second Owner
BMW 5 Series,2023,3724000.0,500.0,Diesel,Individual,Automatic,First Owner
Volkswagen Ameo,2007,65300.0,148803.0,Petrol,Trustmark Dealer, Manual ,Fourth & Above Owner
Mahindra Thar,2014,197200.0,60277.0,Petrol,Dealer,Manual,Third Owner
Volkswagen Polo,2017,345500.0,77259.0,diesel,Dealer,Automatic,First Owner
Honda Civic,2005,73100.0,97834.0,petrol,Individual,Manual,Test Drive Car
Mercedes-Benz E-Class,2020,2096700.0,53880.0,Diesel,Individual,Automatic,Third Owner
Nissan Sunny,2017,171500.0,39603.0,diesel,Dealer,Manual,Third Owner
Tata Tiago,2011,111700.0,142233.0,PETROL,Individual,Manual,First Owner
Mercedes-Benz C-Class,2010,736700.0,86922.0,CNG,Dealer,Automatic,First Owner
Tata Altroz,2022,557300.0,33826.0,Petrol,Dealer,Manual,First Owner
BMW X3,2009,492800.0,4110275.0,Petrol,Dealer,Manual,Second Owner
Chevrolet Spark,2005,39700.0,162535.0,Petrol,Individual,Manual,First Owner
Chevrolet Cruze,2022,465600.0,37352.0,DIESEL,Trustmark Dealer,MANUAL,Test Drive Car
Chevrolet Beat,2015,130000.0,93295.0,CNG,Individual,MANUAL,Second Owner
Mercedes-Benz E-Class,2021,2764400.0,57008.0,Petrol,Individual,Manual,First Owner
Toyota Fortuner,2008,136100.0,89525.0,Petrol,Individual,Automatic,Second Owner
Ford Endeavour,2017,387100.0,52578.0,Electric,Individual,Manual,First Owner
Mahindra Bolero,2015,260600.0,60220.0,Petrol,,Manual,First Owner
Skoda Superb,2013,206300.0,115470.0,Diesel,DEALER,Manual,First Owner
Toyota Innova,2021,650200.0,31431.0,Petrol,Individual, Manual ,Second Owner
Tata Nexon,2017,320100.0,103041.0,Petrol,Trustmark Dealer,Automatic,First Owner
Chevrolet Spark,2013,127000.0,91165.0,Petrol,dealer,Manual,First Owner
Skoda Octavia,2012,221900.0,40565.0,Diesel,Dealer,Manual,First Owner
Maruti Dzire,2014,141500.0,105470.0,Diesel,Individual,Manual,First Owner
Tata Harrier,2021,312100.0,125195.0,Petrol,Individual,Manual,Second Owner
Skoda Superb,2008,140600.0,117118.0,Petrol,Individual,Manual,First Owner
BMW X1,2012,681800.0,,Petrol,Dealer,Manual,First Owner
Renault Kwid,2006,59300.0,117907.0,Diesel,Individual,Automatic,Second Owner
Audi A6,2015,1347700.0,121423.0,Diesel,Dealer,Automatic,First Owner
Mercedes-Benz E-Class,2005,496500.0,56927.0,Petrol,Individual,Manual,First Owner
Maruti Dzire,2018,230300.0,93995.0,Diesel,Individual,Manual,First Owner
Mahindra XUV300,2021,409300.0,120641.0,Petrol,Individual,Manual,Test Drive Car
BMW 5 Series,2017,875600.0,183882.0,PETROL,Individual,Manual,First Owner
Skoda Octavia,2021,530100.0,66620.0,Petrol,Dealer,Manual,First Owner
Honda WR-V,2014,249200.0,75825.0,Electric,Individual,Manual,Second Owner
Skoda Octavia,2011,153300.0,107095.0,Diesel,,Manual,Third Owner
Renault Triber,2009,85200.0,101198.0,Petrol,Individual,manual,First Owner
Toyota Corolla,2011,201700.0,90763.0,Diesel,Individual,Manual,Second Owner
BMW 3 Series,2009,637000.0,114591.0,PETROL,Individual,automatic,Second Owner
Honda Jazz,2008,92300.0,141038.0,Petrol,Individual,Manual,Second Owner
Nissan Sunny,2007,69900.0,124611.0,Diesel,Individual,Manual,First Owner
Hyundai Venue,2012,104000.0,126682.0, Petrol ,Dealer,Manual,Fourth & Above Owner
BMW 3 Series,2021,2199200.0,66060.0,Petrol,Individual,Automatic,Fourth & Above Owner
Chevrolet Cruze,2005,52300.0,152090.0,diesel,Dealer,Manual,First Owner
Skoda Rapid,2008,103300.0,157454.0,Petrol,INDIVIDUAL,Manual,Second Owner
Audi Q3,2020,2731900.0,1204575.0,,Dealer,Manual,First Owner
Toyota Innova,2023,669100.0,110775.0,Diesel,Dealer,Manual,First Owner
Audi Q3,2014,1231800.0,61357.0,Diesel,Individual,Manual,First Owner
Skoda Rapid,2023,832600.0,48492.0,Diesel,Individual,Manual,First Owner
Mercedes-Benz GLA,2023,3376900.0,55765.0,Petrol,Trustmark Dealer,Manual,Second Owner
Tata Harrier,2005,63000.0,156812.0,Diesel,Dealer,Manual,First Owner
Hyundai Grand i10,2007,87000.0,96796.0,Diesel,Individual,Manual,First Owner
Nissan Sunny,2023,369700.0,44523.0,LPG,individual,Manual,First Owner
Volkswagen Vento,2023,559200.0,77759.0,Petrol,Individual,Automatic,Second Owner
Chevrolet Cruze,2009,86800.0,69364.0,Diesel,Trustmark Dealer,Manual,First Owner
Maruti Swift,2013,124400.0,123417.0,Petrol,Individual,Automatic,Second Owner
BMW 3 Series,2007,314800.0,165993.0,Petrol,Dealer,Manual,Third Owner
Maruti Baleno,2007,49100.0,171069.0,Petrol,Individual,manual,First Owner
Mercedes-Benz E-Class,2014,1099200.0,150984.0, Petrol ,Dealer,Manual,First Owner
Mahindra XUV500,2010,145200.0,97143.0,Diesel,Individual,manual,First Owner
Chevrolet Spark,2019,178100.0,86413.0,CNG,Individual,Manual,Third Owner
Maruti WagonR,2011,122300.0,116483.0,Petrol,trustmark dealer,Automatic,Second Owner
Honda Jazz,2014,144700.0,172669.0,Diesel,Individual,Manual,Second Owner
Ford Figo,2010,77600.0,116292.0,LPG,INDIVIDUAL,Manual,Third Owner
Honda WR-V,2023,557800.0,63584.0,Diesel,Dealer,Manual,First Owner
Maruti Vitara Brezza,2008,78200.0,130284.0,Diesel,Dealer,Manual,First Owner
Mercedes-Benz C-Class,2010,673800.0,140547.0,Diesel,Dealer,MANUAL,First Owner
Audi Q3,2006,442500.0,122063.0,Petrol,Individual,Automatic,First Owner
Mahindra Thar,2014,197200.0,60277.0,Petrol,Dealer,Manual,Third Owner
Hyundai i20,2007,66000.0,132751.0,CNG,Trustmark Dealer,Manual,First Owner
Tata Altroz,2013,133000.0,83403.0,PETROL,Individual,Manual,First Owner
Hyundai Venue,2019,363200.0,45519.0,Diesel,Individual,Manual,Second Owner
Mercedes-Benz GLA,2013,1100400.0,77763.0,CNG,Individual, Automatic ,First Owner
Mercedes-Benz E-Class,2022,2829600.0,58656.0,CNG,Individual,Automatic,First Owner
Mercedes-Benz E-Class,2005,386000.0,137247.0,Diesel,Individual,Manual,
Chevrolet Cruze,2005,57100.0,81897.0,Diesel,Dealer,Manual,Second Owner
Skoda Superb,2006,,196291.0,Diesel,Dealer,Manual,First Owner
Maruti WagonR,2013,234000.0,70471.0,Diesel,Individual,Automatic,Test Drive Car
BMW 5 Series,2009,532000.0,148319.0,Diesel,Dealer,Manual,
Skoda Octavia,2019,349300.0,97453.0,LPG,Dealer,Manual,First Owner
Maruti Vitara Brezza,2016,196200.0,85376.0,Diesel,Individual,Manual,First Owner
Audi A4,2021,3149100.0,74378.0,,Dealer,Automatic,First Owner
Volkswagen Polo,2023,570100.0,71139.0,Petrol,Individual,Automatic,Second Owner
Skoda Rapid,2015,236200.0,168407.0,,Trustmark Dealer,Automatic,Second Owner
Maruti Alto,2018,276800.0,76110.0,Diesel,Dealer,manual,First Owner
Mercedes-Benz E-Class,2008,614200.0,69036.0,Diesel,Individual,Manual,Second Owner
Renault Triber,2021,415300.0,54119.0,Petrol,Individual,Automatic,First Owner
Mercedes-Benz GLA,2022,2352400.0,106977.0,Petrol,Individual,Manual,Third Owner
Tata Nexon,2021,318300.0,110477.0,Petrol, Individual ,Manual,First Owner
Maruti Baleno,2010,141800.0,19809.0,Diesel,Dealer,Manual,First Owner
Mahindra Thar,2022,559700.0,80106.0,Petrol,Dealer,Manual,First Owner
Mercedes-Benz E-Class,2007,500100.0,148479.0,Petrol,Trustmark Dealer,Manual,First Owner
Hyundai Santro,2015,211300.0,114586.0,diesel,Individual,Automatic,First Owner
Ford Aspire,2019,398500.0,61472.0,Diesel,Trustmark Dealer,Manual,
BMW 5 Series,2006,365100.0,162832.0,PETROL,Individual,Automatic,First Owner
Toyota Corolla,2006,95400.0,117887.0,CNG,Dealer,Manual,First Owner
Nissan Micra,2022,439700.0,54421.0,Electric,Individual,Manual,Third Owner
Hyundai Santro,2017,143100.0,132897.0,CNG,Individual,Manual,Third Owner
Toyota Innova,2021,553300.0,41912.0,Diesel,Individual,Manual,First Owner
Nissan Sunny,2012,87500.0,154309.0, LPG ,Dealer,Manual,
Skoda Superb,2015,258700.0,76165.0,Petrol,Individual, Automatic ,Third Owner
Maruti WagonR,2011,74400.0,181674.0,Petrol,Dealer,Manual,Second Owner
Tata Tiago,2009,52400.0,199857.0,Petrol,Dealer,Manual,Third Owner
BMW X1,2007,345200.0,185552.0,Petrol,Dealer,Manual,First Owner
Mahindra Bolero,2018,447700.0,72600.0,Diesel,Individual,Automatic,First Owner
Hyundai Santro,2014,193300.0,122526.0, Diesel ,Individual,Automatic,First Owner
Hyundai i20,2021,414200.0,65117.0,Diesel,Individual,Manual,Second Owner
Skoda Superb,2009,132800.0,71865.0,Petrol,Dealer,Manual,First Owner
Honda WR-V,2005,71000.0,155611.0,Diesel,Individual,Manual,First Owner
Tata Safari,2016,170300.0,146590.0,Petrol,dealer,Manual,First Owner
Toyota Fortuner,2012,158700.0,172801.0,Petrol,Dealer,Manual,First Owner
Maruti Dzire,2016,129500.0,134282.0, Diesel ,Individual,Manual,Third Owner
Volkswagen Vento,2010,113300.0,127726.0,,Dealer,Manual,First Owner
Mahindra XUV500,2006,81200.0,,Petrol,Individual,Manual,First Owner
Audi A6,2015,1304400.0,131275.0,Petrol,Dealer,Automatic,First Owner
Renault Kwid,2005,45400.0,129326.0,Petrol,Individual,Manual,Second Owner
Mercedes-Benz GLA,2008,534800.0,163458.0,Petrol,Dealer,Manual,First Owner
Chevrolet Beat,2021,495600.0,16095.0,Electric,Dealer,Manual,First Owner
Toyota Glanza,2021,743800.0,17662.0,Petrol, Individual ,Manual,Second Owner
Chevrolet Spark,2015,170300.0,118481.0,Petrol,,Manual,First Owner
Mahindra Thar,2012,132800.0,126136.0,LPG,Dealer,Manual,
Volkswagen Vento,2007,85500.0,108327.0,Petrol,Individual,Manual,First Owner
Tata Nexon,2005,59800.0,152177.0,Petrol,Trustmark Dealer,Manual,First Owner
Mercedes-Benz GLA,2005,304300.0,185261.0,Petrol,Dealer,Manual,First Owner
Volkswagen Vento,2019,291000.0,173837.0,Petrol,INDIVIDUAL,Automatic,First Owner
Hyundai Creta,2012,150300.0,115189.0,Diesel,Trustmark Dealer,Manual,First Owner
Tata Safari,2008,75200.0,133919.0,LPG,Dealer,Manual,First Owner
Chevrolet Beat,2019,252400.0,50950.0,Petrol,Individual,Manual,First Owner
Maruti Vitara Brezza,2018,196800.0,134227.0,Diesel,Individual,Manual,First Owner
Ford Aspire,2023,558600.0,79403.0, Petrol ,Dealer,Manual,First Owner
Audi A6,2016,1344800.0,130413.0,Diesel,Dealer,Manual,
Nissan Terrano,2017,219500.0,58043.0,Petrol,Dealer,MANUAL,Second Owner
Chevrolet Spark,2013,116200.0,125069.0,DIESEL,Individual,Manual,Second Owner
BMW X3,2015,1072900.0,113415.0,Petrol,Individual,Manual,First Owner
Tata Harrier,2020,302900.0,93667.0,Petrol,Dealer,Manual,First Owner
Mercedes-Benz E-Class,2023,2466400.0,121602.0, Petrol ,Individual,Manual,First Owner
Honda Civic,2021,477700.0,76385.0,Petrol,Dealer,Manual,First Owner
Maruti Baleno,2012,143800.0,55651.0,PETROL,Individual,Manual,First Owner
Toyota Corolla,2016,278600.0,100549.0,Petrol,Individual,Automatic,First Owner
Toyota Etios,2012,220200.0,136778.0,Petrol,Individual,Automatic,First Owner
Volkswagen Vento,2009,103400.0,120086.0,Diesel,Individual, Manual ,Second Owner
Volkswagen Ameo,2005,62600.0,167527.0,Petrol,Dealer,Manual,Test Drive Car
Honda Jazz,2017,237300.0,157102.0,Petrol,Trustmark Dealer,Manual,Second Owner
Mercedes-Benz C-Class,2023,3509500.0,500.0,Petrol,Individual,Manual,Third Owner
Chevrolet Spark,2008,62000.0,140152.0,Petrol,Dealer,Manual,Second Owner
Renault Duster,2015,188300.0,84733.0,PETROL,Individual,Manual,Test Drive Car
Skoda Rapid,2012,238600.0,102251.0,Diesel,Dealer,Manual,Second Owner
Tata Safari,2011,152600.0,73517.0,Diesel,Individual,Automatic,First Owner
Skoda Octavia,2017,376700.0,82864.0,Diesel,Trustmark Dealer,Manual,First Owner
Maruti WagonR,2016,211200.0,85032.0,Diesel,Dealer,MANUAL,First Owner
Maruti Swift,2021,317000.0,103182.0,petrol,Individual,Manual,First Owner
Hyundai Venue,2008,115300.0,60798.0,DIESEL,Dealer,Manual,Second Owner
Chevrolet Cruze,2018,248300.0,51678.0,Petrol,Dealer,Manual,First Owner
Volkswagen Polo,2021,463100.0,58474.0,Diesel,Dealer,Manual,First Owner
BMW X3,2012,723300.0,139702.0,Petrol,Individual,Manual,First Owner
Audi Q3,2017,1137100.0,106062.0,PETROL, Individual ,Automatic,Fourth & Above Owner
Renault Kwid,2015,178300.0,62938.0,Petrol,Dealer,Manual,First Owner
Nissan Sunny,2017,147200.0,199962.0,Petrol,Dealer, Automatic ,First Owner
Maruti Dzire,2007,45600.0,159904.0,Petrol,Trustmark Dealer,Manual,Fourth & Above Owner
Honda WR-V,2017,282600.0,64771.0,Diesel,Individual,Manual,First Owner
Tata Safari,2014,312800.0,10374.0,Electric,Dealer,Manual,First Owner
BMW 3 Series,2015,1297200.0,88072.0,Petrol,Dealer,Manual,First Owner
Ford Aspire,2009,94800.0,130919.0, Diesel ,Dealer,Automatic,Fourth & Above Owner
Renault Kwid,2021,334900.0,91589.0,Diesel,Individual, Automatic ,Third Owner
BMW X3,2017,1166100.0,145615.0,Diesel,Dealer,Manual,First Owner
Skoda Octavia,2016,224700.0,91607.0,CNG,Individual,Manual,Second Owner
Tata Nexon,2008,83600.0,117689.0,Diesel,Individual,Manual,First Owner
Hyundai i20,2014,172600.0,108848.0,Diesel,Individual,Manual,First Owner
Honda Amaze,2015,221200.0,92177.0,Diesel,Dealer,Automatic,Fourth & Above Owner
Volkswagen Ameo,2008,132200.0,108164.0,Diesel,Trustmark Dealer,Automatic,First Owner
Honda City,2005,73300.0,146630.0,PETROL,Dealer,Manual,First Owner
Ford EcoSport,2021,506600.0,7918.0,Petrol,Individual,Manual,
Mercedes-Benz GLA,2005,409500.0,112583.0,Diesel,Individual, Manual ,First Owner
Mercedes-Benz GLA,2019,2299400.0,98017.0,Petrol,Trustmark Dealer,Manual,First Owner
Mercedes-Benz GLA,2006,374700.0,129800.0,CNG,Individual,Manual,First Owner
Skoda Superb,2022,621600.0,83612.0,Petrol,INDIVIDUAL,AUTOMATIC,Third Owner
Nissan Terrano,2023,488700.0,47662.0,Petrol,Dealer,Manual,First Owner
Mercedes-Benz E-Class,2017,1849900.0,24711.0,Petrol,Dealer,Manual,First Owner
Nissan Terrano,2015,142400.0,110507.0,Petrol,Trustmark Dealer,Manual,Fourth & Above Owner
Nissan Sunny,2023,398300.0,50271.0,CNG,Individual,Manual,First Owner
Mercedes-Benz GLA,2022,3997200.0,69612.0,Electric,Individual,Automatic,Second Owner
Tata Safari,2015,215100.0,93331.0,Petrol,Dealer,Manual,First Owner
BMW X3,2017,1638700.0,147296.0,Electric,Individual,Manual,First Owner
Ford Aspire,2015,286900.0,68289.0,Diesel,Trustmark Dealer,Manual,First Owner
Hyundai Verna,2023,540200.0,58440.0,Petrol,Individual,Manual,First Owner
Mahindra XUV300,2017,410100.0,29099.0,Diesel,Dealer,Manual,Second Owner
Mercedes-Benz GLA,2010,670300.0,153256.0,Diesel,Dealer,Manual,First Owner
Audi A6,2014,727800.0,122407.0,Diesel,Individual,Manual,Fourth & Above Owner
Maruti Dzire,2005,57200.0,119779.0,Petrol,Dealer,Manual,Second Owner
Honda City,2019,354800.0,39965.0,Petrol,Individual,Manual,First Owner
Audi A4,2013,834100.0,81038.0,Petrol, Dealer ,Manual,Second Owner
Hyundai Venue,2013,156200.0,154823.0,Petrol,Dealer,Manual,First Owner
Tata Safari,2007,88100.0,106271.0,Diesel,Individual,Manual,First Owner
Volkswagen Polo,2019,396700.0,53176.0,Diesel,Dealer,Manual,First Owner
Mercedes-Benz E-Class,2005,348200.0,112550.0,CNG,Individual,Manual,Second Owner
Volkswagen Polo,2007,90200.0,136943.0,Diesel,Individual,Manual,Second Owner
Mahindra Thar,2016,335000.0,71204.0,Diesel,Dealer,Manual,First Owner
Toyota Fortuner,2005,75000.0,114330.0,LPG,Individual, Manual ,Second Owner
Honda City,2017,262300.0,50903.0,Diesel,INDIVIDUAL,Manual,Fourth & Above Owner
Skoda Superb,2019,446100.0,115349.0,Diesel,dealer,Manual,First Owner
Mercedes-Benz E-Class,2005,451600.0,92350.0,Petrol,Dealer,Manual,First Owner
Chevrolet Cruze,2016,150100.0,77824.0,LPG,Individual,Manual,First Owner
Tata Altroz,2013,135000.0,66063.0,Petrol,Dealer,Manual,First Owner
Maruti Ertiga,2021,352700.0,84645.0,Diesel,Dealer,Manual,First Owner
Volkswagen Polo,2019,364300.0,69084.0,Petrol,Individual,Manual,First Owner
Tata Nexon,2008,98200.0,140364.0,Diesel,Trustmark Dealer,Automatic,First Owner
Skoda Superb,2007,110300.0,153718.0,Petrol,TRUSTMARK DEALER,Manual,First Owner
Volkswagen Polo,2016,289200.0,36448.0,Diesel,Individual,Automatic,Third Owner
Volkswagen Polo,2011,152000.0,86532.0,Petrol,Individual,Automatic,First Owner
Tata Nexon,2009,87100.0,77755.0, Petrol ,,Automatic,Third Owner
Ford EcoSport,2014,176300.0,107371.0,Petrol,Dealer,Manual,Second Owner
Renault Duster,2006,65800.0,101845.0,CNG,Individual,Automatic,First Owner
Maruti WagonR,2016,213100.0,110434.0,Petrol,Individual,Automatic,First Owner
BMW 3 Series,2016,1347600.0,104056.0,Diesel,Trustmark Dealer,Manual,First Owner
Renault Kwid,2017,,71981.0, Petrol ,Dealer,Manual,
Maruti Baleno,2005,42000.0,134060.0,Petrol,Individual,Manual,Second Owner
Mercedes-Benz GLA,2014,1444600.0,55387.0,Diesel,Dealer,Manual,Second Owner
Skoda Rapid,2018,377200.0,139461.0,Petrol,Dealer,Automatic,First Owner
Hyundai Creta,2010,102300.0,134434.0,Petrol,Trustmark Dealer,Manual,First Owner
Mercedes-Benz C-Class,2008,590400.0,89250.0,CNG, Individual ,Manual,First Owner
Skoda Superb,2011,147900.0,,Diesel,Dealer,Manual,Second Owner
Honda Amaze,2019,343400.0,93829.0,Petrol,Individual,Manual,Second Owner
Mahindra Bolero,2007,113500.0,98143.0,PETROL,Trustmark Dealer,Manual,Second Owner
Volkswagen Vento,2021,469500.0,44064.0,Petrol,Individual,Manual,First Owner
Mahindra XUV300,2023,781000.0,49585.0,Petrol,Dealer,Manual,First Owner
Nissan Micra,2020,283400.0,61783.0,Petrol,Dealer,Manual,First Owner
Audi A6,2010,662100.0,161865.0,Diesel,Dealer,Automatic,First Owner
Hyundai Creta,2010,119700.0,117058.0,Diesel,Individual,automatic,First Owner
Honda Jazz,2020,352100.0,69907.0,Petrol,Dealer,Manual,Third Owner
Renault Duster,2022,386300.0,500.0,Petrol,Individual,Manual,First Owner
Mercedes-Benz E-Class,2018,2424800.0,55446.0,Petrol,Individual,Automatic,First Owner
Chevrolet Beat,2013,108900.0,51672.0,Petrol,Individual,Manual,First Owner
Audi A4,2013,957900.0,99623.0,CNG,Individual,Automatic,First Owner
Toyota Etios,2023,799000.0,64703.0,Petrol,Individual,Automatic,First Owner
Honda City,2016,302000.0,45660.0,Petrol,,Manual,First Owner
Maruti Dzire,2023,367100.0,103621.0,cng,Individual,Automatic,Third Owner
Volkswagen Polo,2020,423200.0,500.0,Petrol,Individual,Manual,First Owner
Toyota Corolla,2007,81200.0,162059.0,Petrol,Individual,Manual,First Owner
Maruti Baleno,2010,96700.0,132408.0,Diesel,Individual,Manual,Second Owner
Nissan Sunny,2020,251200.0,102384.0,Diesel,Trustmark Dealer,MANUAL,First Owner
Nissan Terrano,2005,42200.0,188204.0,Diesel,INDIVIDUAL,Manual,First Owner
Volkswagen Polo,2015,256000.0,25442.0,cng,Trustmark Dealer,Manual,First Owner
Renault Duster,2007,46400.0,175313.0,Electric,Individual,Manual,Fourth & Above Owner
Mahindra XUV500,2017,355300.0,75250.0,Diesel,Individual,Manual,First Owner
Mahindra XUV500,2009,139000.0,31610.0,Petrol,Individual,Manual,Second Owner
Chevrolet Spark,2015,149700.0,122318.0,Petrol,Dealer,Manual,Test Drive Car
Renault Duster,2012,68500.0,143843.0,CNG,Individual,Manual,Third Owner
Volkswagen Vento,2011,143400.0,115379.0,Electric,DEALER,MANUAL,Fourth & Above Owner
Chevrolet Beat,2016,169300.0,87577.0,LPG,Dealer,Manual,First Owner
Honda Civic,2009,91500.0,146139.0,Petrol,Individual,Manual,First Owner
Skoda Superb,2023,680100.0,35131.0,,Dealer,Manual,Second Owner
Skoda Superb,2017,312300.0,117373.0,Diesel,Trustmark Dealer,Automatic,Fourth & Above Owner
Hyundai Verna,2008,81300.0,173041.0,Diesel,Dealer,Manual,First Owner
Renault Triber,2005,62600.0,89766.0,Petrol,Individual,Manual,First Owner
Tata Altroz,2013,131700.0,50219.0,Petrol,Dealer,Manual,Third Owner
Honda City,2022,449900.0,75981.0,Diesel,Individual,Manual,Second Owner
Volkswagen Ameo,2018,338100.0,42342.0,Petrol,Dealer,Manual,First Owner
Honda Amaze,2012,199100.0,93662.0,Diesel,Individual,automatic,First Owner
Mercedes-Benz GLA,2016,1257800.0,129564.0,Petrol,Dealer,Manual,First Owner
Toyota Etios,2017,400100.0,85896.0,PETROL,Individual,Automatic,First Owner
Audi A4,2019,2148100.0,56608.0,PETROL,Individual,Manual,First Owner
Mahindra XUV500,2017,418000.0,83876.0,Diesel,trustmark dealer,Automatic,First Owner
BMW 5 Series,2013,1081300.0,113335.0,Diesel,dealer,Automatic,Second Owner
Skoda Superb,2014,314100.0,34004.0,Diesel,Individual,Manual,
Audi A6,2006,391100.0,109559.0,Petrol,Individual,Manual,Second Owner
BMW 5 Series,2022,3087500.0,33669.0,Diesel,,MANUAL,First Owner
Nissan Sunny,2009,99100.0,129598.0,Petrol,Trustmark Dealer,Manual,First Owner
Skoda Rapid,2017,250200.0,170017.0,Petrol,Individual,MANUAL,First Owner
Ford EcoSport,2011,133500.0,117438.0,Petrol,Dealer,Manual,First Owner
BMW X1,2005,307100.0,144095.0,CNG,Dealer,Manual,First Owner
Volkswagen Vento,2015,223000.0,114798.0,Petrol,Dealer,Manual,First Owner
Volkswagen Ameo,2005,83900.0,138377.0,Diesel,Dealer,Automatic,Second Owner
Honda Civic,2005,82800.0,74627.0,Petrol,Individual,Automatic,Second Owner
Maruti Vitara Brezza,2006,70100.0,89543.0,Petrol,Individual,Manual,First Owner
Mahindra XUV300,2009,126600.0,135614.0,PETROL,Dealer,Manual,First Owner
Mahindra Thar,2011,152900.0,98337.0,PETROL,Individual,Manual,Second Owner
Mahindra XUV500,2012,155100.0,122284.0,Diesel,Individual,Manual,Second Owner
BMW 5 Series,2022,,83251.0,Petrol,Individual,Manual,Second Owner
Hyundai Santro,2021,698600.0,22906.0,Electric,Dealer,Automatic,Second Owner
Maruti WagonR,2006,50000.0,161570.0,CNG,Individual,Automatic,First Owner
Mercedes-Benz GLA,2020,1686900.0,109362.0,CNG,Individual, Manual ,Second Owner
Mercedes-Benz GLA,2011,608000.0,140175.0,Petrol,Individual,Manual,Second Owner
Renault Triber,2012,80700.0,158743.0,Petrol,Dealer,Manual,First Owner
Nissan Terrano,2014,163100.0,122927.0,Diesel,Dealer,Automatic,First Owner
Honda City,2007,103600.0,109396.0,Diesel,Dealer,Manual,
Nissan Sunny,2008,52200.0,174795.0,,Individual,Manual,Second Owner
Audi A4,2009,733400.0,48499.0,PETROL,Dealer,Manual,First Owner
BMW 5 Series,2018,1378700.0,72029.0,CNG,Dealer,Manual,First Owner
Maruti Ertiga,2022,376900.0,62027.0,Petrol,Dealer,Manual,Second Owner
BMW 3 Series,2014,1149200.0,89667.0,Diesel,,Manual,First Owner
Honda Jazz,2006,110600.0,75856.0, Petrol ,Dealer,Automatic,Second Owner
Audi A4,2005,399300.0,147215.0,Diesel,Trustmark Dealer,Manual,Second Owner
BMW 5 Series,2022,2654300.0,20674.0,Diesel,Individual,Manual,Second Owner
BMW 3 Series,2014,1136100.0,74204.0,Diesel,Individual,Manual,Second Owner
Hyundai Venue,2006,77100.0,198686.0,Petrol,Trustmark Dealer,Automatic,First Owner
Ford Endeavour,2018,362200.0,42638.0,Petrol,Individual,Manual,Second Owner
Maruti Ertiga,2013,129200.0,132691.0,PETROL,Individual,Manual,First Owner
Audi Q3,2008,545300.0,94080.0,Petrol,Individual,Manual,First Owner
Renault Triber,2021,507400.0,500.0,Diesel,Trustmark Dealer,Automatic,First Owner
Maruti Vitara Brezza,2014,134200.0,143026.0, Petrol ,Individual,Manual,First Owner
Mercedes-Benz C-Class,2023,3509500.0,500.0,Petrol,Individual,Manual,Third Owner
Honda City,2014,218600.0,87282.0,Diesel,Individual,Manual,First Owner
Chevrolet Beat,2010,61600.0,113865.0, Petrol ,Individual,Automatic,Fourth & Above Owner
Skoda Octavia,2007,126200.0,57558.0, Petrol ,Dealer,Manual,Fourth & Above Owner
Skoda Octavia,2007,101600.0,142075.0,Diesel,Individual,Automatic,First Owner
Tata Harrier,2005,50100.0,152079.0,Petrol,Dealer,Manual,First Owner
Renault Duster,2009,58600.0,126350.0,Petrol,Dealer,Manual,Second Owner
Toyota Innova,2014,189100.0,92541.0,Petrol,,Manual,Third Owner
Toyota Glanza,2008,122500.0,128450.0,Petrol,Individual,Manual,First Owner
Skoda Rapid,2017,201100.0,99061.0,petrol,Individual,Manual,Fourth & Above Owner
BMW 5 Series,2015,1116600.0,60952.0,Petrol,Dealer,Manual,Second Owner
Mercedes-Benz GLA,2011,803000.0,108664.0,Diesel,Individual,Manual,Second Owner
BMW 3 Series,2021,1819100.0,55555.0,CNG,Trustmark Dealer,Manual,First Owner
Hyundai i20,2023,642600.0,40286.0,Diesel,Trustmark Dealer,Manual,First Owner
Ford EcoSport,2011,128800.0,117651.0,Petrol,Individual,Manual,First Owner
Maruti Vitara Brezza,2021,290900.0,90530.0,Petrol,INDIVIDUAL, Manual ,Second Owner
Toyota Etios,2014,211900.0,131863.0,Petrol, Dealer ,Manual,First Owner
Mercedes-Benz GLA,2019,2210400.0,112415.0,Diesel,Dealer,Automatic,First Owner
Nissan Sunny,2023,352600.0,57016.0,Petrol,INDIVIDUAL,Manual,Third Owner
Toyota Innova,2010,174500.0,143442.0,Diesel,Trustmark Dealer,Automatic,Third Owner
Tata Altroz,2011,118600.0,91603.0,Petrol,Dealer,Manual,First Owner
Volkswagen Vento,2014,192800.0,68754.0,Petrol,Individual,Manual,Second Owner
Ford EcoSport,2023,644100.0,29366.0,Petrol,individual,Manual,First Owner
Mercedes-Benz C-Class,2015,1169000.0,69627.0,petrol,Dealer,Manual,Second Owner
Renault Kwid,2014,147900.0,107608.0,Diesel,Individual,Manual,Test Drive Car
Chevrolet Beat,2017,162800.0,78695.0,Petrol,Individual,Manual,Second Owner
Volkswagen Vento,2016,252700.0,64924.0,Diesel,Individual, Automatic ,Fourth & Above Owner
Hyundai Venue,2021,,70743.0,Petrol,Individual,MANUAL,First Owner
Hyundai Santro,2005,78900.0,97162.0,Petrol,Individual,Automatic,First Owner
BMW X3,2012,720700.0,122004.0,Petrol,Individual,Manual,First Owner
Audi A4,2013,1139500.0,4967.0,Diesel,Individual,Manual,Second Owner
Hyundai Venue,2018,199800.0,,Petrol,Individual,manual,Fourth & Above Owner
Tata Altroz,2013,138100.0,102345.0,Petrol,Dealer,Manual,First Owner
Mahindra Bolero,2010,132100.0,159474.0,Petrol,Individual,Manual,First Owner
Honda City,2019,375100.0,50942.0,Petrol,Individual,Manual,Second Owner
Toyota Etios,2015,378200.0,41455.0,Petrol,Individual,Automatic,First Owner
Maruti Dzire,2012,172300.0,8801.0,Diesel,Dealer,Manual,First Owner
Skoda Octavia,2021,529600.0,91578.0,CNG,Dealer,Automatic,Second Owner
Renault Kwid,2016,176200.0,103832.0,Diesel,Dealer,Manual,First Owner
Audi A4,2021,2124900.0,115519.0,Petrol,Dealer,Manual,First Owner
Tata Nexon,2017,230500.0,96511.0,Diesel,Trustmark Dealer,Manual,
Skoda Rapid,2013,150100.0,106788.0,Petrol,Dealer,Manual,
Ford Figo,2010,126200.0,94323.0,,Dealer,Manual,First Owner
Honda Jazz,2007,,88329.0,Diesel, Individual ,Manual,First Owner
Tata Altroz,2018,293100.0,71583.0,CNG,Trustmark Dealer,Manual,First Owner
BMW X3,2009,492800.0,164411.0,Petrol,Dealer,Manual,Second Owner
Hyundai i20,2015,232600.0,83199.0,Diesel,Dealer,Manual,First Owner
Nissan Micra,2014,157400.0,118971.0,Diesel,Individual,Manual,First Owner
Renault Kwid,2017,198200.0,101168.0,Petrol,Trustmark Dealer,Manual,First Owner
Renault Kwid,2007,63100.0,96297.0,Petrol,Individual,manual,First Owner
Ford Aspire,2005,46000.0,137052.0,Petrol,Individual,Manual,Third Owner
Tata Harrier,2018,235200.0,94686.0,Petrol,Dealer,Manual,Second Owner
Volkswagen Polo,2019,318800.0,74325.0,Petrol,Individual,Manual,First Owner
Mercedes-Benz C-Class,2012,790400.0,135702.0,Petrol,Dealer,Manual,First Owner
Maruti Dzire,2013,135600.0,133308.0,Petrol,Trustmark Dealer,Manual,First Owner
Mahindra Thar,2018,300500.0,150778.0,,Individual,Automatic,First Owner
Mercedes-Benz C-Class,2008,567300.0,102222.0,Petrol,Dealer,Manual,
Volkswagen Polo,2006,67500.0,150023.0, Diesel ,Individual,Manual,First Owner
Nissan Terrano,2005,56600.0,104233.0,Diesel,Dealer,Manual,Second Owner
BMW X3,2014,1045900.0,51749.0,Diesel,Trustmark Dealer,Manual,Third Owner
Skoda Superb,2020,456200.0,,Petrol,Individual,Automatic,Third Owner
Audi A4,2022,3486000.0,108798.0,Electric,Dealer,Manual,First Owner
Hyundai Grand i10,2011,105800.0,105568.0,CNG,Individual,Manual,Second Owner
Maruti Vitara Brezza,2019,295500.0,47199.0,Petrol,Dealer,MANUAL,First Owner
Honda City,2016,246600.0,79302.0,CNG,Dealer,Manual,First Owner
Audi Q3,2020,2283300.0,47128.0,Petrol,Individual,Automatic,First Owner
Renault Duster,2019,267600.0,57814.0,Petrol,Individual,Manual,First Owner
Chevrolet Beat,2009,81600.0,71056.0,Diesel,Dealer,Manual,Second Owner
Mercedes-Benz GLA,2015,1914400.0,89068.0,Diesel,Trustmark Dealer,Automatic,First Owner
Hyundai Verna,2007,55400.0,206024.0,Petrol,Trustmark Dealer,Manual,Second Owner
Honda City,2011,141000.0,81700.0,Petrol,,Manual,Second Owner
Audi Q3,2013,1270600.0,57636.0,Diesel,Dealer,Manual,First Owner
Renault Triber,2013,130800.0,70017.0,Diesel,Individual,Manual,First Owner
Maruti Alto,2010,100400.0,130476.0,diesel,Trustmark Dealer,Manual,First Owner
Mahindra XUV300,2016,258600.0,110552.0,Diesel,Dealer,manual,Third Owner
Audi Q3,2013,821700.0,165560.0,Diesel,Dealer,Automatic,First Owner
Nissan Sunny,2020,258500.0,121675.0,Petrol,Dealer,Manual,First Owner
Mercedes-Benz C-Class,2005,327100.0,72483.0,LPG,DEALER,Manual,Third Owner
Tata Nexon,2006,61800.0,136667.0,Petrol,Trustmark Dealer,Manual,First Owner
BMW 5 Series,2011,706000.0,,Petrol,Dealer,MANUAL,First Owner
BMW 3 Series,2010,515600.0,167485.0,Diesel,individual,Manual,Second Owner
Volkswagen Polo,2022,519900.0,103931.0,Diesel, Trustmark Dealer ,Automatic,Second Owner
BMW X1,2012,888300.0,55489.0,diesel,Trustmark Dealer,Manual,Second Owner
Maruti WagonR,2013,123500.0,98812.0,Petrol,Individual,Manual,First Owner
Toyota Corolla,2021,498100.0,,Diesel,Dealer,Manual,First Owner
Mercedes-Benz C-Class,2021,2507000.0,136478.0,Petrol,Trustmark Dealer,Manual,First Owner
Tata Safari,2006,78100.0,103585.0,Electric,Individual,Manual,First Owner
Volkswagen Vento,2020,245600.0,129743.0,CNG,Individual,Manual,
Ford EcoSport,2021,482100.0,29111.0,Petrol,Individual,MANUAL,First Owner
Audi Q3,2020,2168100.0,25642.0,Petrol,Individual,Manual,
Tata Nexon,2008,83600.0,117689.0,Diesel,Individual,Manual,First Owner
Audi Q3,2022,3286900.0,63493.0,Diesel,Dealer,Manual,First Owner
Mercedes-Benz E-Class,2010,685900.0,145347.0,Petrol,TRUSTMARK DEALER,Manual,First Owner
Skoda Octavia,2010,165300.0,97658.0,Petrol,Dealer,Manual,Second Owner
Honda City,2015,249800.0,77617.0,Diesel,Individual,Manual,First Owner
Audi A6,2016,1501100.0,91541.0,Diesel,Individual,Manual,First Owner
Toyota Etios,2015,265800.0,118740.0,Petrol,INDIVIDUAL,Manual,First Owner
Mahindra XUV500,2014,230300.0,109916.0,Diesel,Dealer,Manual,First Owner
Audi Q3,2009,539800.0,,PETROL,Dealer,Manual,Second Owner
Hyundai i20,2019,321400.0,67198.0,Petrol,Individual,Automatic,Third Owner
Tata Altroz,2023,351800.0,103308.0,Petrol,Individual,Manual,Second Owner
Audi Q3,2019,2034300.0,30286.0,Petrol,Dealer,Manual,Second Owner
Volkswagen Ameo,2021,356100.0,88203.0,Petrol,Dealer,Manual,Second Owner
Mahindra Bolero,2022,725600.0,77453.0,Diesel,Trustmark Dealer,Manual,Second Owner
Renault Duster,2016,151900.0,55870.0,Petrol,DEALER,Manual,Second Owner
Renault Duster,2016,172500.0,140155.0,Diesel,Dealer,Manual,First Owner
Honda Civic,2006,51800.0,230442.0,CNG,Trustmark Dealer,MANUAL,First Owner
Ford EcoSport,2021,442800.0,83548.0,, Individual , Manual ,First Owner
Chevrolet Beat,2022,408300.0,75661.0,Diesel,Dealer,automatic,First Owner
Ford Endeavour,2010,128500.0,110059.0,Diesel,Individual,manual,First Owner
BMW X1,2005,361300.0,97443.0,Diesel,Individual,Manual,First Owner
Ford Endeavour,2011,150600.0,71082.0,Petrol,Individual,Manual,First Owner
Renault Duster,2013,,54050.0,Diesel,Individual, Manual ,Second Owner
Toyota Innova,2011,178800.0,116571.0,Diesel,Individual,MANUAL,First Owner
Mahindra XUV300,2014,181700.0,170625.0,Diesel,Trustmark Dealer,Automatic,First Owner
Nissan Terrano,2013,142500.0,61226.0,Petrol,Dealer,Automatic,Third Owner
Maruti Vitara Brezza,2008,86300.0,117420.0,Diesel,,Manual,First Owner
Ford Figo,2013,136700.0,109684.0,Petrol,Individual,Manual,Second Owner
Ford EcoSport,2018,305400.0,,Diesel,Dealer,Manual,First Owner
Audi Q3,2013,1196600.0,26921.0,Diesel,Individual,Manual,First Owner
Honda Civic,2008,84200.0,135229.0,CNG,Individual,Manual,Second Owner
Nissan Sunny,2010,110000.0,62734.0,petrol,Trustmark Dealer,Manual,Second Owner
BMW 5 Series,2008,678000.0,89736.0,Petrol,Individual,Automatic,First Owner
Chevrolet Beat,2011,89800.0,124321.0,petrol,Individual,Manual,First Owner
Tata Tiago,2006,53500.0,170851.0,CNG,Trustmark Dealer,Manual,First Owner
Nissan Micra,2021,304400.0,20391.0,LPG,Dealer,Manual,Second Owner
Honda Civic,2016,265600.0,123576.0,Petrol,Trustmark Dealer,Manual,First Owner
Chevrolet Beat,2020,342100.0,71983.0,Diesel,Trustmark Dealer,Manual,First Owner
Chevrolet Cruze,2015,134600.0,141744.0,Petrol,Individual,Automatic,Second Owner
Maruti Baleno,2012,111300.0,130877.0,Diesel,Individual,Manual,First Owner
Audi A6,2015,1702700.0,123866.0,Electric,Trustmark Dealer,AUTOMATIC,First Owner
Renault Triber,2014,107200.0,91731.0,Petrol,Individual,Manual,Fourth & Above Owner
Mahindra XUV500,2012,230900.0,,Diesel,Dealer,Automatic,Second Owner
Mahindra Scorpio,2016,268700.0,54985.0,Petrol,Individual,Manual,Third Owner
Mercedes-Benz C-Class,2008,621400.0,111745.0,Diesel,Individual,Manual,First Owner
Skoda Rapid,2010,160600.0,124505.0,Petrol,Individual,Manual,First Owner
Chevrolet Beat,2008,65600.0,158723.0,Diesel,INDIVIDUAL,Manual,First Owner
Honda Civic,2023,608800.0,78005.0,Petrol,Dealer,Automatic,First Owner
Hyundai Venue,2023,551000.0,50540.0,Petrol,Individual,Manual,First Owner
Toyota Glanza,2010,139000.0,142640.0,Petrol,Dealer,Manual,First Owner
Tata Safari,2023,584400.0,82250.0,Petrol,Individual,Automatic,First Owner
Toyota Innova,2008,122100.0,93231.0, Petrol ,Individual,Manual,Second Owner
BMW X1,2008,435000.0,150347.0,Petrol,Dealer,manual,First Owner
Volkswagen Polo,2018,360400.0,74174.0,Petrol,Individual,Manual,First Owner
Mahindra Thar,2019,483900.0,80658.0,Petrol,Individual,Manual,First Owner
Mahindra XUV500,2018,362100.0,73146.0,Petrol, Individual ,Manual,Test Drive Car
Hyundai Creta,2009,85300.0,96348.0,Petrol,Individual, Manual ,Third Owner
Tata Tiago,2018,286800.0,36147.0,Petrol,Individual,Manual,First Owner
Volkswagen Vento,2007,59900.0,113512.0,LPG,INDIVIDUAL,Manual,Second Owner
Skoda Octavia,2015,226800.0,106193.0,LPG, Dealer ,Manual,First Owner
Volkswagen Ameo,2005,79500.0,152939.0,diesel, Dealer ,Automatic,First Owner
BMW X3,2010,582300.0,133710.0,Diesel,Individual,MANUAL,Second Owner
Renault Kwid,2020,333600.0,73026.0,Diesel,Trustmark Dealer,Automatic,Second Owner
Mahindra Scorpio,2018,312400.0,3012725.0,Petrol,Trustmark Dealer,Manual,Second Owner
Mahindra XUV500,2014,211900.0,116207.0,Diesel,Individual,Manual,Second Owner
Mahindra XUV300,2005,67100.0,155461.0,Petrol,individual,Manual,First Owner
Mercedes-Benz C-Class,2005,378500.0,129081.0,Petrol,Dealer,Manual,Second Owner
Skoda Rapid,2021,538000.0,48207.0,Petrol,Individual,Manual,Second Owner
Chevrolet Cruze,2022,251800.0,96656.0,Diesel,Dealer,Manual,Third Owner
Tata Harrier,2019,301100.0,72789.0,Diesel,Dealer,Manual,Second Owner
Honda City,2013,210400.0,107871.0,Diesel,Trustmark Dealer,Automatic,First Owner
Audi Q3,2007,492800.0,179214.0,Diesel,Individual,Automatic,Test Drive Car
Skoda Rapid,2022,623100.0,86193.0,Diesel,Individual,Manual,First Owner
Audi A6,2021,2816400.0,8634.0,Diesel,Individual,Manual,First Owner
Tata Nexon,2007,69300.0,126400.0,petrol,Dealer,Manual,First Owner
Toyota Glanza,2007,107800.0,158710.0,PETROL,Trustmark Dealer,Manual,First Owner
Maruti Alto,2009,69700.0,118120.0,Petrol,Individual,Manual,
BMW X3,2019,2162800.0,61487.0,CNG,Individual,Automatic,First Owner
Renault Kwid,2022,266000.0,85977.0,Petrol,Individual,Manual,Third Owner
BMW X1,2013,961900.0,108206.0,diesel,Individual,automatic,Second Owner
Audi A4,2007,536000.0,96527.0,Diesel,INDIVIDUAL,Manual,Second Owner
Volkswagen Ameo,2012,146300.0,122166.0,Petrol,Individual,Manual,First Owner
Hyundai Santro,2012,137500.0,77818.0,,Individual,Manual,Second Owner
Maruti Vitara Brezza,2018,283000.0,48681.0,Diesel,Individual,Manual,First Owner
Toyota Glanza,2019,565100.0,30628.0,DIESEL,Dealer,Manual,First Owner
Chevrolet Beat,2022,445800.0,44959.0,Diesel,Individual,Automatic,First Owner
Nissan Sunny,2009,77100.0,125912.0,Petrol,,Manual,First Owner
Mercedes-Benz GLA,2021,1754700.0,100685.0,Diesel,Individual,Manual,Third Owner
Audi A4,2019,2087100.0,91657.0,Petrol,Trustmark Dealer,manual,First Owner
Volkswagen Ameo,2007,75300.0,111675.0,Petrol,Individual,Manual,Third Owner
Mercedes-Benz E-Class,2014,1173800.0,69351.0,Diesel,INDIVIDUAL,Manual,First Owner
Nissan Micra,2018,273500.0,68776.0,DIESEL,DEALER,manual,Second Owner
Skoda Superb,2006,102000.0,136915.0,petrol,Dealer,Automatic,Second Owner
Mahindra Bolero,2022,522100.0,67518.0,LPG,Dealer,Automatic,First Owner
Volkswagen Vento,2012,175500.0,96305.0,Diesel,Dealer,Manual,First Owner
Toyota Corolla,2016,294500.0,130649.0,Diesel,Dealer,Manual,First Owner
Chevrolet Cruze,2011,116600.0,82397.0,PETROL,Individual,Automatic,Test Drive Car
Nissan Terrano,2022,412800.0,40083.0,Petrol,Dealer,Manual,Second Owner
Mercedes-Benz GLA,2007,550200.0,131663.0,Petrol,Individual,Automatic,Second Owner
Toyota Etios,2021,668300.0,56940.0,Petrol,Trustmark Dealer,Manual,First Owner
Volkswagen Vento,2019,397800.0,90132.0,Diesel,Individual, Manual ,First Owner
Mercedes-Benz E-Class,2009,535800.0,96121.0,Petrol,Individual,Manual,Second Owner
BMW X3,2020,1655400.0,88828.0,Petrol,Individual,MANUAL,First Owner
Skoda Rapid,2014,280900.0,112251.0,Diesel,Individual,Manual,Test Drive Car
Renault Duster,2021,373800.0,4919.0,Petrol,Dealer,Manual,First Owner
Mercedes-Benz C-Class,2012,1032000.0,112845.0,Petrol,Individual,Automatic,First Owner
Maruti WagonR,2014,137800.0,99921.0,LPG,Individual,Manual,First Owner
Toyota Innova,2006,98100.0,170855.0,Petrol,Dealer,Automatic,First Owner
Tata Tiago,2010,115900.0,108122.0,Diesel,Dealer,Automatic,First Owner
Audi A4,2010,672000.0,128972.0, Diesel ,Dealer,Manual,First Owner
Hyundai Grand i10,2007,61200.0,141822.0,Petrol,Individual,Manual,First Owner
Maruti WagonR,2015,167000.0,105293.0,Diesel,Individual,Manual,First Owner
Volkswagen Polo,2011,121200.0,91239.0,,Individual,Manual,First Owner
Audi A6,2016,1366800.0,68403.0,LPG,Dealer,Manual,First Owner
Maruti Baleno,2021,281000.0,9906.0,CNG,Individual,Manual,Third Owner
Tata Safari,2023,540300.0,29707.0,Petrol,Dealer,Manual,First Owner
Mercedes-Benz C-Class,2011,,126504.0,CNG,Dealer,Manual,First Owner
Ford EcoSport,2009,109900.0,87784.0,Petrol,Dealer,Manual,Second Owner
Maruti Vitara Brezza,2023,361200.0,85091.0,Petrol,Individual,Manual,First Owner
Audi Q3,2021,2237500.0,91955.0,DIESEL,Individual,Automatic,Third Owner
Volkswagen Polo,2006,93600.0,147148.0,Diesel,Individual,Automatic,First Owner
Mercedes-Benz E-Class,2014,1254600.0,113011.0,Petrol,Dealer,Automatic,First Owner
BMW 5 Series,2016,1313400.0,119059.0,Petrol,Individual,Manual,Test Drive Car
Chevrolet Spark,2019,264000.0,60779.0,Diesel,Dealer,Manual,Second Owner
Tata Altroz,2005,68400.0,81844.0,Petrol,Dealer,Automatic,First Owner
Volkswagen Polo,2013,185400.0,100283.0,Petrol,Trustmark Dealer,Manual,Second Owner
Ford Endeavour,2010,102900.0,152316.0,Petrol,Trustmark Dealer,Manual,Second Owner
Audi A6,2019,2018200.0,28598.0,,Trustmark Dealer,Manual,Second Owner
Mercedes-Benz E-Class,2017,1586600.0,,Petrol,Dealer,Manual,First Owner
Toyota Glanza,2011,181200.0,126716.0,Petrol,Dealer,Manual,First Owner
Hyundai Creta,2022,399500.0,95999.0,Petrol,Dealer,Manual,Third Owner
Mercedes-Benz C-Class,2016,1628700.0,90123.0,Petrol,Dealer,Manual,First Owner
Hyundai Grand i10,2023,353700.0,45110.0,LPG,Individual,Manual,Fourth & Above Owner
Nissan Terrano,2018,195400.0,30051.0,CNG,Individual,MANUAL,Fourth & Above Owner
Honda Jazz,2012,148900.0,112948.0,Petrol,Trustmark Dealer,Manual,Second Owner
Renault Duster,2009,73000.0,121040.0,diesel,Individual,Manual,Second Owner
Skoda Octavia,2021,520900.0,29403.0,CNG,DEALER,Manual,Second Owner
Mercedes-Benz GLA,2023,2200000.0,103343.0,Diesel,Individual,Manual,Fourth & Above Owner
Skoda Superb,2020,955800.0,8318.0,Electric,Dealer,Manual,First Owner
Skoda Octavia,2016,359000.0,16539.0, Petrol ,Individual,Manual,First Owner
Nissan Micra,2018,,103537.0,Petrol,Individual,Automatic,First Owner
Mahindra XUV300,2022,514800.0,96684.0,Diesel,Individual,Manual,First Owner
Audi A4,2008,435100.0,125483.0,petrol,Individual,Manual,First Owner
Skoda Octavia,2005,91800.0,157839.0,Petrol,Dealer, Automatic ,First Owner
Volkswagen Polo,2011,115400.0,,Petrol,Dealer,Manual,Second Owner
Volkswagen Ameo,2006,104800.0,49954.0,Petrol,Individual,Manual,First Owner
Chevrolet Spark,2007,50200.0,156636.0,Diesel,Individual,Manual,First Owner
Skoda Superb,2008,175300.0,63829.0,Petrol,Trustmark Dealer,Manual,First Owner
Volkswagen Vento,2022,430500.0,63009.0,CNG,Individual,MANUAL,First Owner
Tata Nexon,2005,41300.0,153528.0,Diesel, Dealer ,Manual,Third Owner
Skoda Rapid,2023,739800.0,81293.0,Diesel,,Manual,Second Owner
Maruti Ertiga,2016,149500.0,88834.0,Diesel,Individual,Manual,Second Owner
Nissan Sunny,2010,,143843.0,Diesel,Individual,Manual,First Owner
Nissan Micra,2018,259400.0,110222.0,Diesel,Trustmark Dealer,Automatic,Third Owner
Audi A6,2020,2513600.0,36882.0,Petrol,Dealer,automatic,Second Owner
Renault Duster,2015,189900.0,34952.0,Petrol,,Manual,Second Owner
Honda Jazz,2018,280200.0,84299.0,Diesel,Dealer,Manual,Second Owner
Audi A6,2015,1139400.0,109214.0,Petrol,DEALER,Manual,First Owner
Volkswagen Ameo,2008,100300.0,141315.0,Petrol,Individual,Automatic,First Owner
Renault Triber,2022,330400.0,38101.0,Diesel,Individual,Manual,Third Owner
Mahindra Bolero,2015,260100.0,107822.0,Petrol,Dealer,Manual,Second Owner
Toyota Innova,2012,221100.0,104326.0,Diesel,Trustmark Dealer,Manual,Second Owner
Honda City,2005,56800.0,126544.0,Diesel,Individual,MANUAL,Third Owner
Maruti Dzire,2014,134100.0,125422.0,Diesel,Individual,Manual,First Owner
Mahindra XUV500,2011,158900.0,138097.0,Diesel, Individual ,Manual,First Owner
Nissan Micra,2021,363500.0,97023.0,Petrol,trustmark dealer,Manual,First Owner
Skoda Rapid,2018,335500.0,118823.0,Petrol, Individual ,Manual,First Owner
Audi Q3,2018,1350300.0,141610.0,PETROL,Trustmark Dealer,Manual,Third Owner
Volkswagen Polo,2010,113400.0,142124.0,Petrol,Dealer,Manual,First Owner
Ford Figo,2017,,65514.0,CNG,Trustmark Dealer, Manual ,Third Owner
Chevrolet Beat,2014,142600.0,78656.0,Petrol,Dealer,Manual,First Owner
Maruti WagonR,2015,175900.0,134273.0,Petrol,Dealer,Automatic,First Owner
Ford Aspire,2009,105800.0,105726.0,Petrol,INDIVIDUAL,Manual,First Owner
Ford Endeavour,2023,636900.0,6401.0,Diesel,Individual,Manual,Second Owner
Toyota Innova,2012,241300.0,130297.0, Diesel ,Dealer,Automatic,Second Owner
Hyundai Verna,2018,291200.0,69107.0,PETROL,Dealer,MANUAL,First Owner
Skoda Octavia,2019,496000.0,79403.0,Diesel,Trustmark Dealer,Manual,First Owner
BMW 5 Series,2011,778400.0,108406.0,Petrol,Trustmark Dealer,Manual,First Owner
Mercedes-Benz E-Class,2017,1972100.0,23963.0,Diesel,Individual,Manual,First Owner
Volkswagen Polo,2012,109400.0,136402.0,CNG,Individual,Manual,
Skoda Octavia,2013,116300.0,157018.0,CNG,,Manual,Fourth & Above Owner
Renault Triber,2016,166800.0,110203.0,CNG,Dealer,Manual,First Owner
Hyundai Verna,2008,90000.0,121408.0,CNG,Individual,Manual,Test Drive Car
BMW 5 Series,2023,,43000.0,Petrol,Individual,Manual,First Owner
Toyota Etios,2021,462700.0,113013.0,Diesel,Individual,Manual,Third Owner
Audi A6,2018,1905700.0,86367.0,Petrol,Dealer,Manual,First Owner
Mercedes-Benz E-Class,2009,590700.0,142431.0,Diesel,Dealer,manual,First Owner
Tata Tiago,2009,99200.0,153506.0,Diesel, Dealer ,Manual,Test Drive Car
Tata Harrier,2010,147500.0,46088.0,Petrol, Dealer ,Automatic,First Owner
Skoda Superb,2011,172900.0,127857.0,Petrol,Individual,Manual,First Owner
Skoda Octavia,2006,76200.0,157815.0,Diesel,Individual,Automatic,Fourth & Above Owner
Hyundai Verna,2013,182000.0,69999.0,Petrol,Individual,Manual,First Owner
Volkswagen Ameo,2012,171700.0,82694.0,Petrol,Dealer,Automatic,First Owner
Mahindra XUV300,2015,250800.0,89005.0,Petrol,Individual,Manual,First Owner
Mahindra XUV500,2023,754200.0,21835.0,Diesel,Individual,Manual,First Owner
Tata Safari,2006,51400.0,137192.0,Petrol,Individual,Manual,Fourth & Above Owner
Ford Endeavour,2014,131400.0,130232.0, Petrol ,Individual,Manual,Third Owner
Skoda Rapid,2015,256000.0,70975.0, Petrol ,Dealer,Manual,Second Owner
Ford Endeavour,2012,110800.0,153372.0,Petrol,Individual,Manual,Second Owner
Honda Jazz,2006,89100.0,96177.0,Petrol,Individual,Manual,First Owner
BMW 3 Series,2007,412200.0,133597.0,Petrol,Individual,Manual,First Owner
Mercedes-Benz C-Class,2017,1677500.0,65971.0,Petrol,Individual,Manual,Second Owner
Chevrolet Spark,2012,70700.0,127373.0,Petrol,Individual,Manual,Fourth & Above Owner
Renault Kwid,2006,66300.0,78237.0,Petrol,Individual,MANUAL,First Owner
Tata Altroz,2005,50700.0,139530.0,Petrol,Dealer,Manual,First Owner
Mercedes-Benz GLA,2008,707600.0,69353.0,Diesel,Dealer,Manual,Second Owner
Honda City,2016,230000.0,101679.0,CNG,Individual,Manual,Second Owner
Volkswagen Ameo,2023,461300.0,23061.0,Petrol,Individual,Manual,Second Owner
Nissan Micra,2021,334000.0,89542.0,Petrol,Individual,MANUAL,First Owner
Mahindra Scorpio,2011,183600.0,104040.0,DIESEL,Dealer,Automatic,First Owner
Renault Kwid,2012,144800.0,59020.0,petrol,Dealer,Manual,First Owner
Mercedes-Benz E-Class,2022,2000100.0,122998.0,LPG,Individual,Manual,First Owner
Volkswagen Ameo,2019,330500.0,32717.0,Petrol,Individual,Manual,Second Owner
Skoda Superb,2019,537600.0,31332.0,Diesel,Individual,Manual,First Owner
Chevrolet Beat,2016,173000.0,84602.0,PETROL,Individual,Manual,First Owner
Renault Kwid,2005,58500.0,157882.0,Diesel,Trustmark Dealer,Automatic,First Owner
Mahindra Bolero,2012,134200.0,159508.0,Petrol,Individual,Manual,First Owner
Nissan Terrano,2012,155200.0,96982.0,Diesel,Dealer,Manual,First Owner
Hyundai Venue,2007,76200.0,89170.0,Diesel,Individual,Manual,First Owner
Tata Harrier,2015,263100.0,81802.0,Diesel,Dealer,Automatic,First Owner
Tata Harrier,2007,74000.0,112338.0,Petrol,INDIVIDUAL,Manual,First Owner
BMW X1,2005,423300.0,98016.0,Diesel,Dealer,Manual,Second Owner
Toyota Corolla,2020,687600.0,20265.0,Diesel,Dealer,Automatic,Second Owner
Mahindra Thar,2012,181300.0,73633.0,CNG,Individual,Manual,First Owner
Honda Civic,2022,662800.0,86460.0,Electric,Individual,Manual,First Owner
BMW X1,2018,2058700.0,93585.0,Petrol,Individual,Automatic,First Owner
Mahindra XUV500,2012,141600.0,168887.0,Petrol,Dealer,Manual,First Owner
Tata Safari,2020,475700.0,54464.0,Diesel,Dealer,Automatic,First Owner
Toyota Fortuner,2010,207900.0,85536.0,Diesel,Individual,Automatic,First Owner
Renault Triber,2011,84700.0,70337.0,Diesel,Trustmark Dealer,Manual,Fourth & Above Owner
Nissan Micra,2017,206100.0,112798.0,Petrol,Individual,Automatic,Second Owner
Skoda Rapid,2021,456300.0,77009.0,Diesel,Individual,Manual,Fourth & Above Owner
BMW 5 Series,2018,1927900.0,74526.0,Petrol,Individual, Automatic ,First Owner
Skoda Octavia,2020,365100.0,76930.0,Petrol,Individual,Manual,Third Owner
BMW X3,2011,883500.0,71617.0,Diesel,Individual,Manual,First Owner
Nissan Sunny,2008,82200.0,,Petrol,INDIVIDUAL,Manual,First Owner
Chevrolet Beat,2019,262500.0,93528.0,Petrol,,Automatic,First Owner
Mahindra XUV300,2010,177700.0,116511.0,,Individual,Automatic,First Owner
Honda Civic,2010,168200.0,115643.0,Electric,Individual,Manual,First Owner
Nissan Sunny,2012,146200.0,61424.0,Diesel,Trustmark Dealer,Manual,Second Owner
Nissan Terrano,2016,116000.0,98530.0,LPG,Individual,Manual,Fourth & Above Owner
Renault Kwid,2006,48700.0,96562.0,Petrol,Individual,Manual,First Owner
Volkswagen Ameo,2005,75300.0,100152.0,Petrol,Dealer,Automatic,Second Owner
Hyundai i20,2010,122400.0,111270.0,Petrol,Dealer,Automatic,Second Owner
BMW 3 Series,2022,2052400.0,80964.0,CNG,Individual,Manual,First Owner
Renault Triber,2018,189400.0,98229.0,Petrol,Dealer,Manual,Fourth & Above Owner
Skoda Octavia,2017,384800.0,68430.0,Diesel,Dealer,Automatic,Third Owner
Hyundai Santro,2007,86500.0,144805.0,Petrol,Dealer,Automatic,Test Drive Car
Tata Tiago,2005,49700.0,152716.0,Petrol,Individual,Manual,First Owner
Mahindra Thar,2020,476600.0,83654.0,Diesel,individual,Manual,First Owner
BMW X3,2006,326100.0,199457.0,Petrol,Individual,Automatic,First Owner
Skoda Rapid,2019,426800.0,68673.0,CNG, Dealer ,Manual,Test Drive Car
Audi A4,2020,2108400.0,74229.0,Diesel,Individual,Manual,First Owner
Maruti Ertiga,2008,56600.0,197208.0,Petrol,Dealer,Manual,
Honda Civic,2019,328400.0,83401.0,CNG,Dealer,Automatic,First Owner
Maruti Ertiga,2023,450300.0,60988.0,Diesel,Individual,manual,First Owner
Volkswagen Ameo,2008,100400.0,117974.0,Diesel,Individual,Manual,First Owner
Honda Amaze,2023,683300.0,23575.0,Diesel,Dealer,Automatic,Third Owner
Renault Triber,2006,70800.0,60749.0,Diesel,Dealer,Manual,Second Owner
Ford EcoSport,2011,137700.0,141537.0,Diesel,Dealer,Manual,First Owner
Skoda Rapid,2012,228600.0,55305.0,Diesel,Dealer,Manual,First Owner
Audi Q3,2011,651800.0,151293.0,Petrol,Individual,Automatic,First Owner
Maruti WagonR,2020,289500.0,,Petrol,Individual, Manual ,Second Owner
Audi A6,2014,768800.0,174666.0,Petrol,Dealer,Manual,Second Owner
Audi Q3,2014,1087900.0,125758.0,Petrol,,AUTOMATIC,First Owner
Skoda Superb,2013,206300.0,147556.0,Diesel,Individual,Manual,First Owner
Mahindra Thar,2009,142600.0,96138.0,Petrol,Individual,Manual,First Owner
Nissan Terrano,2022,393600.0,108471.0,Diesel,Dealer,Manual,First Owner
Mercedes-Benz E-Class,2012,1076300.0,60980.0,diesel,Individual,Manual,First Owner
Chevrolet Beat,2023,276500.0,106509.0,CNG,DEALER,Manual,Second Owner
Hyundai Santro,2020,314400.0,84231.0,Diesel,Individual,Manual,Second Owner
Honda Civic,2010,145700.0,75938.0,Petrol,Dealer,Manual,First Owner
Maruti WagonR,2021,282500.0,67342.0,Diesel,Individual,Manual,Fourth & Above Owner
Audi Q3,2013,672000.0,118288.0, Petrol ,Individual,Manual,Third Owner
Volkswagen Polo,2007,55300.0,201494.0,Petrol,Individual,Manual,First Owner
Audi A4,2017,1518800.0,127010.0,PETROL,Individual,Manual,First Owner
Volkswagen Polo,2016,182600.0,76502.0,Petrol,Individual,Manual,Third Owner
Honda Jazz,2012,148300.0,118283.0,Diesel,Individual,Manual,First Owner
Honda Jazz,2008,77000.0,144113.0,CNG,Individual,Manual,First Owner
Nissan Sunny,2009,77300.0,173420.0,Petrol,Dealer,Manual,First Owner
Chevrolet Beat,2008,60300.0,,Petrol,Individual,Manual,First Owner
Renault Duster,2007,65800.0,,Petrol,Individual,Manual,First Owner
BMW X1,2022,2529400.0,69547.0,Diesel,Dealer,Manual,First Owner
Skoda Octavia,2017,488900.0,66013.0,Diesel,Dealer,Automatic,Test Drive Car
Mahindra Thar,2010,141500.0,127885.0,Diesel,Individual,Manual,
Chevrolet Cruze,2005,49900.0,132680.0,Diesel,Individual,Manual,Second Owner
Renault Duster,2018,261400.0,21464.0,Petrol,Individual,Manual,First Owner
Chevrolet Cruze,2010,97600.0,119411.0,Diesel,Trustmark Dealer,Manual,First Owner
Mercedes-Benz E-Class,2011,908900.0,113104.0,Petrol,Individual,Manual,First Owner
Mahindra XUV500,2021,655500.0,31145.0,Diesel,Trustmark Dealer,Manual,First Owner
Toyota Etios,2023,1084500.0,17178.0,Petrol,Dealer,Automatic,Second Owner
Maruti WagonR,2005,59100.0,153916.0,Diesel,Individual,Automatic,First Owner
Mahindra Bolero,2011,139600.0,146222.0,Diesel,Individual,Manual,First Owner
Hyundai Santro,2012,97400.0,110785.0,Petrol,Individual,Manual,Fourth & Above Owner
Ford Figo,2007,58700.0,162337.0,Petrol,Individual,Manual,Second Owner
Honda Jazz,2010,148000.0,79730.0,Diesel,Individual,Manual,First Owner
BMW X3,2015,1279900.0,77130.0,Petrol, Individual ,Automatic,Second Owner
Ford EcoSport,2011,109100.0,167850.0,Diesel,Individual,Automatic,Third Owner
Audi Q3,2017,1441700.0,156257.0,petrol,Dealer,Manual,First Owner
Mercedes-Benz C-Class,2011,907400.0,115112.0,Diesel,Individual,Automatic,First Owner
Volkswagen Ameo,2007,81000.0,171262.0,diesel,Individual,Automatic,Second Owner
Skoda Superb,2018,343800.0,116508.0,Petrol,Individual,Manual,First Owner
BMW 5 Series,2019,1488200.0,65815.0,Diesel,Individual,manual,Third Owner
Nissan Sunny,2009,81500.0,111231.0,Diesel,Individual,Manual,First Owner
Toyota Etios,2011,173600.0,133026.0,Diesel,Individual,manual,Second Owner
Nissan Sunny,2005,52600.0,140963.0,Petrol, Individual ,Manual,First Owner
Mercedes-Benz E-Class,2008,684700.0,115812.0,,Dealer,Manual,Second Owner
Mahindra XUV300,2015,279100.0,108850.0,CNG,Trustmark Dealer,Manual,First Owner
Mahindra Thar,2018,304400.0,68549.0,LPG,individual,Manual,First Owner
Honda City,2023,577300.0,63219.0,Petrol,Individual,Manual,First Owner
Ford EcoSport,2017,323200.0,56098.0,Diesel,Dealer,Automatic,Second Owner
Skoda Superb,2005,73500.0,119228.0,PETROL,DEALER,Manual,Second Owner
Volkswagen Ameo,2007,82000.0,133392.0,Diesel,Dealer,Manual,First Owner
Mahindra Thar,2016,265900.0,80508.0,CNG,Individual,Manual,First Owner
Nissan Sunny,2013,155700.0,106426.0,Petrol,Dealer,Manual,First Owner
Toyota Corolla,2009,114300.0,138958.0,Diesel,Individual,Manual,Third Owner
Tata Nexon,2013,152500.0,101547.0,Petrol,Individual,Manual,First Owner
Tata Altroz,2016,181700.0,87706.0,Petrol,Individual,Automatic,Second Owner
Audi Q3,2019,1886800.0,48111.0,Petrol,Trustmark Dealer,Automatic,Second Owner
Mercedes-Benz E-Class,2023,2959000.0,71373.0,Petrol,Dealer,Manual,Second Owner
Toyota Glanza,2006,75200.0,167087.0,Petrol,Individual,Manual,First Owner
Audi A4,2015,1214900.0,75097.0,Diesel,Individual,Manual,First Owner
Maruti Vitara Brezza,2012,161200.0,49847.0,Petrol,Individual,Automatic,First Owner
Honda Jazz,2023,445800.0,111042.0,Diesel,Individual,Manual,First Owner
Renault Duster,2008,55200.0,177204.0, Petrol ,Individual,Manual,First Owner
Toyota Glanza,2011,157800.0,117765.0,Petrol,Individual,Manual,Second Owner
Mahindra Thar,2014,261400.0,61375.0,Diesel,Dealer,Manual,First Owner
Hyundai Venue,2011,129800.0,112514.0,Petrol,Dealer,Manual,First Owner
Tata Harrier,2016,308300.0,41843.0,Petrol,Dealer,Automatic,Test Drive Car
Tata Tiago,2013,143200.0,144421.0,Petrol,Dealer,Manual,Test Drive Car
Audi A4,2007,520900.0,105322.0,Petrol,Individual,Manual,First Owner
Hyundai i20,2023,445100.0,55306.0,Petrol,Individual,Manual,Second Owner
Tata Altroz,2007,67300.0,107283.0,Petrol,Dealer,Manual,Second Owner
Volkswagen Polo,2021,518800.0,8473.0,Diesel,Individual,Manual,Second Owner
Tata Safari,2023,417900.0,68204.0,Diesel,Dealer,MANUAL,Second Owner
Chevrolet Beat,2023,456700.0,33156.0,Diesel,Individual,manual,First Owner
Mercedes-Benz C-Class,2007,742600.0,67426.0,Petrol,Trustmark Dealer,Manual,First Owner
Ford EcoSport,2014,208700.0,96818.0,Petrol,,Automatic,First Owner
Toyota Innova,2009,183500.0,106538.0,Diesel,Trustmark Dealer,Manual,First Owner
Audi A4,2022,3717800.0,76976.0,Diesel,Dealer, Automatic ,First Owner
Chevrolet Beat,2008,56600.0,182133.0,Petrol,Individual,Manual,First Owner
Honda City,2020,503400.0,35822.0,Petrol,Individual,Automatic,First Owner
Skoda Rapid,2012,198000.0,68078.0,Petrol,Individual,Manual,Second Owner
Chevrolet Cruze,2014,157000.0,112133.0,Diesel,Individual, Automatic ,Test Drive Car
Chevrolet Cruze,2017,236200.0,53069.0,Petrol,Individual, Manual ,First Owner
Ford EcoSport,2011,127600.0,105776.0,Petrol,Dealer,Manual,Second Owner
Maruti Baleno,2006,60900.0,126747.0,CNG,Trustmark Dealer,Manual,Second Owner
Maruti Alto,2017,226300.0,52870.0,Petrol,Individual, Manual ,First Owner
Ford Figo,2011,172400.0,63962.0,Petrol, Dealer ,Automatic,Second Owner
Chevrolet Spark,2012,108400.0,116145.0,Diesel,Individual,Manual,First Owner
Maruti WagonR,2023,479200.0,94191.0,PETROL,Dealer,Automatic,Second Owner
Mahindra XUV500,2017,281800.0,148364.0,Diesel,Individual,Manual,First Owner
Honda WR-V,2022,625100.0,31423.0,Diesel,Individual,Manual,First Owner
Nissan Terrano,2006,52800.0,85711.0,,individual,Manual,Third Owner
BMW 3 Series,2014,947500.0,102207.0,Diesel,Dealer,Manual,Third Owner
Ford EcoSport,2011,150900.0,86692.0,Petrol,Individual,Manual,First Owner
Volkswagen Ameo,2022,471500.0,123272.0,Petrol,Dealer,Automatic,First Owner
Renault Triber,2017,187300.0,149466.0,Petrol,Trustmark Dealer,Manual,First Owner
Renault Duster,2016,160800.0,60068.0,CNG,Dealer,Manual,Third Owner
Skoda Octavia,2006,105700.0,126016.0,Diesel,Individual,Manual,First Owner
Renault Kwid,2021,366000.0,53615.0,Petrol,Individual,Manual,First Owner
Chevrolet Cruze,2011,91500.0,,Diesel,Individual,Manual,First Owner
Mahindra XUV300,2015,234000.0,140130.0,petrol,Individual,Automatic,First Owner
Maruti Ertiga,2022,400800.0,16850.0,Diesel,Individual,Manual,First Owner
Toyota Corolla,2019,394100.0,81619.0,Petrol,Dealer,Manual,Third Owner
Tata Safari,2010,92400.0,129199.0,DIESEL,Dealer,Manual,Second Owner
Nissan Terrano,2008,91200.0,111584.0,Diesel, Trustmark Dealer ,Automatic,Third Owner
Volkswagen Vento,2009,123100.0,63493.0,Diesel,Individual, Manual ,Second Owner
Volkswagen Polo,2019,280100.0,142193.0,Diesel,,Manual,
Audi A6,2021,2714200.0,65451.0,Diesel,Individual,Automatic,First Owner
Chevrolet Spark,2006,59100.0,155452.0,Diesel,Dealer,Manual,First Owner
Toyota Etios,2015,334400.0,92708.0,Petrol,Individual,Automatic,First Owner
BMW 5 Series,2017,1123800.0,102788.0,Petrol,DEALER,Manual,Third Owner
Mahindra Bolero,2014,248100.0,91791.0,Diesel,Individual,Manual,Test Drive Car
Honda City,2014,276100.0,73378.0,Diesel,Dealer,Automatic,First Owner
BMW 3 Series,2013,914500.0,107488.0,Diesel,Individual,Manual,First Owner
Tata Tiago,2011,81500.0,174600.0,Petrol,Individual,Manual,Second Owner
Maruti Baleno,2020,325900.0,94159.0,Diesel,Dealer,Automatic,Third Owner
Ford Aspire,2011,140300.0,91394.0,Diesel,Individual,Manual,Second Owner
Skoda Superb,2009,123200.0,150634.0,Diesel,Individual,Manual,First Owner
Mahindra Scorpio,2017,314500.0,74605.0,Diesel,Individual,Manual,First Owner
Maruti Baleno,2010,77800.0,167774.0,Petrol,Dealer,Manual,Second Owner
Nissan Terrano,2012,94300.0,157016.0,Diesel,Dealer,Manual,Second Owner
Audi A6,2021,2359700.0,61943.0,Petrol,Individual,Manual,Third Owner
Mahindra Thar,2013,256800.0,98794.0,Petrol,Dealer,Automatic,First Owner
Ford Endeavour,2021,457500.0,86700.0,diesel,Individual,Automatic,Second Owner
Audi A4,2010,676500.0,142326.0,Diesel,Individual,Automatic,First Owner
Renault Triber,2015,145300.0,86315.0,Diesel,Individual,Manual,Second Owner
Renault Kwid,2023,,35790.0,Diesel,Individual,Manual,First Owner
Chevrolet Spark,2020,331000.0,13330.0,Diesel,Individual,Manual,First Owner
Hyundai Grand i10,2011,233400.0,90104.0,Electric,Dealer,Automatic,Test Drive Car
Mahindra Thar,2023,814800.0,500.0,CNG,Individual,Automatic,Second Owner
Ford EcoSport,2014,161300.0,151267.0,Petrol,Dealer,Manual,First Owner
Toyota Corolla,2008,84000.0,168336.0,CNG,Individual,Manual,Second Owner
Tata Harrier,2019,316000.0,62684.0,Petrol,Individual,Manual,First Owner
Audi A4,2007,323900.0,171935.0,LPG,Individual,Manual,First Owner
Mahindra XUV300,2019,449700.0,54638.0,Petrol,individual,Automatic,First Owner
Audi A4,2021,1772600.0,99103.0,LPG,Individual,Manual,First Owner
Tata Harrier,2015,115900.0,163991.0,LPG,Individual,Manual,First Owner
Maruti Ertiga,2016,192000.0,76352.0,Petrol,Individual,Manual,Second Owner
Toyota Glanza,2016,443200.0,69420.0,Petrol,Dealer,Automatic,First Owner
Mahindra XUV500,2012,155100.0,122284.0,Diesel,Individual,Manual,Second Owner
Volkswagen Ameo,2010,103200.0,145780.0,Petrol,Individual,Manual,First Owner
Maruti Swift,2015,211200.0,120580.0,Electric,Individual,Manual,First Owner
Nissan Micra,2007,70900.0,137909.0,Petrol,Individual,Automatic,First Owner
Honda Jazz,2009,81800.0,143497.0,Petrol,Dealer,Manual,Fourth & Above Owner
Toyota Fortuner,2018,421500.0,83751.0,Petrol,Individual,Manual,Second Owner
Ford EcoSport,2023,561600.0,37026.0,Diesel,Individual,Manual,Second Owner
Hyundai Santro,2023,467700.0,64898.0,CNG,Individual,Manual,First Owner
Renault Duster,2007,57000.0,176906.0,Diesel,,manual,First Owner
Ford EcoSport,2016,274100.0,63155.0,Diesel,Dealer,Manual,Second Owner
Honda Civic,2021,477700.0,76385.0,Petrol,Dealer,Manual,First Owner
Ford Aspire,2019,456800.0,500.0,CNG,Individual,Automatic,First Owner
Honda City,2014,227500.0,155045.0,Petrol,Dealer,Automatic,First Owner
Skoda Superb,2016,360400.0,101615.0,Petrol,Dealer,Automatic,First Owner
Hyundai Grand i10,2005,61200.0,131685.0,Petrol,Trustmark Dealer,Automatic,First Owner
Toyota Etios,2007,139900.0,107946.0,Petrol,Dealer,Manual,First Owner
Skoda Rapid,2018,458000.0,28963.0,Diesel,Individual,Manual,First Owner
Maruti Vitara Brezza,2011,103900.0,82703.0,Petrol,Individual,Manual,Second Owner
Skoda Superb,2015,256000.0,82356.0,petrol,Individual,Manual,First Owner
Ford EcoSport,2010,98900.0,107497.0,Petrol,Individual,Manual,Second Owner
Ford Endeavour,2005,58700.0,95777.0,Petrol,Individual,Manual,Second Owner
Audi Q3,2005,358700.0,138768.0,Diesel,Individual,Manual,Second Owner
Toyota Corolla,2016,362000.0,103962.0,Diesel,Individual,MANUAL,First Owner
Honda City,2022,401900.0,30282.0,LPG,Individual,Manual,First Owner
Hyundai Grand i10,2006,70200.0,141507.0,Electric,Individual,Manual,Second Owner
Chevrolet Spark,2023,531000.0,23327.0,Petrol,Dealer,Automatic,First Owner
Nissan Micra,2020,275900.0,114834.0, Diesel ,Individual,Manual,First Owner
Audi Q3,2016,1411600.0,89432.0,Petrol,Individual,Automatic,Second Owner
Skoda Superb,2019,727900.0,42702.0,Electric,Dealer,Manual,First Owner
Skoda Octavia,2018,515400.0,29206.0,Petrol,Trustmark Dealer,Manual,First Owner
Renault Triber,2014,107900.0,89456.0,Petrol,Dealer,Manual,Fourth & Above Owner
Audi A4,2022,,44162.0,Diesel,Individual,Manual,Second Owner
Maruti Vitara Brezza,2023,395400.0,21958.0,DIESEL,Individual,Manual,Third Owner
Ford Endeavour,2011,143500.0,119403.0,Petrol,Individual,Automatic,First Owner
Renault Kwid,2005,52100.0,105633.0,Diesel,Dealer,Manual,Second Owner
Toyota Etios,2017,450500.0,105115.0,Electric,Individual,manual,First Owner
Toyota Fortuner,2019,618500.0,62032.0,diesel,Trustmark Dealer,Manual,First Owner
Chevrolet Beat,2016,198900.0,39012.0,Petrol,Individual,Manual,Second Owner
Toyota Fortuner,2021,426500.0,71978.0,Petrol,Individual,Manual,Third Owner
Hyundai Santro,2019,238300.0,161866.0,Diesel,Dealer,Manual,Second Owner
Honda Jazz,2011,118800.0,131036.0, Diesel ,Trustmark Dealer,Manual,Fourth & Above Owner
Audi A6,2023,1896400.0,120389.0,LPG,Individual,Manual,Second Owner
Tata Harrier,2019,301100.0,72789.0,Diesel,Dealer,Manual,Second Owner
Hyundai i20,2006,74700.0,154947.0,Diesel,Dealer,Automatic,
Ford EcoSport,2016,230100.0,100672.0, Diesel ,Individual,Manual,Second Owner
BMW X3,2020,2229700.0,41591.0,Petrol,Individual,Automatic,Third Owner
Nissan Terrano,2014,140400.0,110554.0,Petrol,Individual,Manual,First Owner
Ford Endeavour,2019,301000.0,158464.0,Diesel,Dealer,Manual,First Owner
Ford Endeavour,2012,125700.0,101627.0,Petrol,Individual,Manual,Third Owner
Tata Tiago,2008,72400.0,137490.0,CNG,Individual,Manual,Test Drive Car
Honda City,2021,483500.0,80619.0,Petrol,INDIVIDUAL,Automatic,Second Owner
Maruti Swift,2006,56500.0,167594.0,Petrol,DEALER,Manual,First Owner
Audi A4,2023,2738700.0,106581.0,Diesel,Dealer,Manual,First Owner
Volkswagen Polo,2011,126000.0,100686.0,Petrol,Dealer,Manual,First Owner
Tata Tiago,2010,120200.0,105950.0,petrol,Trustmark Dealer,Automatic,Second Owner
Tata Tiago,2013,167600.0,35565.0, Diesel ,Individual,Manual,Second Owner
Toyota Corolla,2005,76000.0,130493.0,Diesel,Individual,Automatic,Second Owner
Mahindra Thar,2020,367000.0,92291.0,CNG,Trustmark Dealer,Manual,First Owner
Honda Jazz,2010,170100.0,40461.0,Petrol,Dealer,MANUAL,First Owner
Nissan Sunny,2007,69000.0,96355.0,Petrol,Individual,Manual,First Owner
Ford EcoSport,2019,354500.0,107609.0,Diesel,Individual,Manual,First Owner
Skoda Rapid,2007,83100.0,146814.0,Petrol,Individual,Manual,First Owner
Mahindra XUV500,2007,135000.0,113893.0,Petrol,Trustmark Dealer,Automatic,First Owner
Nissan Sunny,2020,261000.0,55379.0,Petrol,Dealer, Manual ,Third Owner
Chevrolet Spark,2008,63100.0,142546.0, Diesel ,Dealer,Manual,Second Owner
Audi Q3,2022,2720000.0,500.0,Petrol,Individual,Manual,First Owner
Skoda Rapid,2016,265800.0,94239.0,PETROL,Individual,Manual,Third Owner
Honda Civic,2023,713800.0,50286.0,Petrol,,Manual,First Owner
Ford EcoSport,2023,454300.0,113047.0,Petrol,Individual,Manual,First Owner
Maruti Alto,2023,564700.0,52831.0,Diesel,Individual,Automatic,First Owner
Renault Duster,2011,80100.0,138840.0,Petrol,Individual,Manual,Second Owner
Mahindra Thar,2009,125800.0,79607.0,LPG,Individual,Manual,First Owner
Nissan Sunny,2017,196900.0,128239.0,Petrol,Individual,Manual,First Owner
Maruti WagonR,2009,70400.0,143974.0,Petrol,Individual,Automatic,Third Owner
Mahindra XUV300,2023,559100.0,100996.0,Petrol,Individual,Manual,Second Owner
Volkswagen Polo,2011,111700.0,119183.0,Diesel,Individual,Manual,Fourth & Above Owner
Nissan Terrano,2018,196100.0,121070.0,Petrol,Trustmark Dealer,Manual,Second Owner
Mahindra Bolero,2008,127700.0,107397.0,Petrol,INDIVIDUAL,MANUAL,Test Drive Car
Mercedes-Benz E-Class,2013,914600.0,108895.0,Petrol,Dealer,Manual,First Owner
Volkswagen Ameo,2023,508100.0,60160.0,Petrol,Individual,Manual,Second Owner
Skoda Rapid,2022,766200.0,132397.0,Electric,Dealer,Manual,Test Drive Car
Tata Safari,2011,149800.0,58857.0,Diesel,Individual,Manual,First Owner
Mercedes-Benz GLA,2010,752100.0,138878.0,,Dealer,Automatic,First Owner
Honda Civic,2016,338100.0,104901.0,diesel,Dealer,Automatic,First Owner
Renault Triber,2022,344300.0,3475.0,petrol,Individual,Manual,First Owner
Mahindra Scorpio,2012,169900.0,124776.0,Petrol,Individual,Automatic,Second Owner
Hyundai Grand i10,2005,64600.0,134448.0,Petrol,Individual,Manual,Test Drive Car
Honda City,2007,129500.0,111208.0,electric,Individual,Manual,First Owner
Ford Endeavour,2022,706100.0,41121.0,Electric,Dealer,Manual,First Owner
Hyundai Venue,2018,320100.0,,Diesel,Individual,Automatic,First Owner
Honda Jazz,2023,635200.0,71080.0,,Individual,Automatic,Second Owner
Toyota Corolla,2012,216200.0,86787.0,Diesel, Dealer ,Manual,First Owner
Chevrolet Spark,2020,297000.0,65654.0,Diesel,Dealer,Manual,Second Owner
Honda Amaze,2017,384600.0,38410.0,Petrol,Trustmark Dealer,Manual,First Owner
BMW X1,2020,1973100.0,114401.0,DIESEL,Dealer,Manual,First Owner
Ford Endeavour,2011,152900.0,115727.0,Petrol,Trustmark Dealer,Manual,First Owner
Mahindra XUV500,2017,378700.0,44038.0,Petrol,Individual,Automatic,First Owner
Toyota Fortuner,2011,128500.0,182343.0,Petrol,Individual,Manual,First Owner
Skoda Superb,2023,594300.0,87020.0,Petrol,Individual,Manual,Second Owner
Mahindra Scorpio,2019,420900.0,69100.0,Diesel,,Manual,Second Owner
Skoda Octavia,2018,456400.0,56718.0,Petrol,Dealer,Manual,First Owner
Ford Aspire,2015,127700.0,179324.0,Petrol,Individual,Manual,Second Owner
Maruti Swift,2012,123800.0,141105.0,CNG,Dealer,Automatic,First Owner
Nissan Micra,2011,103100.0,164265.0,Petrol,Individual,Automatic,First Owner
Mercedes-Benz C-Class,2022,2935200.0,57941.0, Petrol ,Dealer,Manual,First Owner
Honda Amaze,2005,99500.0,62407.0,Petrol,Individual,Automatic,Second Owner
Skoda Rapid,2022,644500.0,92166.0,Diesel,Dealer,Manual,First Owner
Hyundai Grand i10,2011,140900.0,97752.0,Diesel,Dealer,Manual,Second Owner
Mercedes-Benz C-Class,2010,936400.0,56133.0, Diesel ,Individual,Automatic,Second Owner
Tata Tiago,2008,66300.0,118412.0,CNG,Individual,Manual,Second Owner
Honda Civic,2023,636800.0,65620.0,Diesel,Dealer,Manual,Second Owner
BMW X3,2007,478600.0,177144.0,Diesel,Individual,Automatic,First Owner
Hyundai Verna,2015,146500.0,145941.0,Petrol,Dealer,Manual,Second Owner
Hyundai Santro,2010,116400.0,123621.0,Diesel,Individual,Manual,First Owner
Ford Endeavour,2012,101500.0,188133.0,Diesel,Individual,Manual,Second Owner
Nissan Micra,2022,342900.0,61729.0,Diesel,Individual,Manual,Second Owner
Chevrolet Spark,2005,76400.0,72023.0,petrol,Individual,Automatic,First Owner
Chevrolet Spark,2014,141700.0,76385.0,LPG,Dealer,Automatic,First Owner
Audi A4,2016,1254600.0,142190.0,Diesel,Individual,manual,First Owner
Chevrolet Spark,2005,52800.0,116127.0,Petrol,Dealer,Manual,First Owner
Ford EcoSport,2008,89500.0,164331.0,Diesel,Dealer,Manual,First Owner
Maruti Vitara Brezza,2019,303100.0,118338.0,Petrol,Dealer,Automatic,Second Owner
Audi A4,2017,1037300.0,101149.0,LPG,Individual,Manual,Second Owner
BMW 3 Series,2015,1146600.0,72964.0,CNG,,Manual,First Owner
Honda City,2012,147400.0,,petrol,Individual,Manual,First Owner
Maruti Alto,2007,66900.0,117427.0,Diesel,Dealer,Manual,Third Owner
BMW 3 Series,2007,726300.0,46040.0,Diesel,Individual,Automatic,First Owner
Ford Endeavour,2018,278700.0,68704.0,Petrol,individual,Manual,Third Owner
Nissan Terrano,2021,383200.0,65673.0,Diesel,,Manual,First Owner
Mahindra Scorpio,2005,,212373.0,Petrol,Individual, Manual ,Second Owner
BMW 3 Series,2022,1587700.0,68513.0,LPG,Individual,Manual,Third Owner
Renault Kwid,2022,358200.0,65322.0,Diesel,Individual,Manual,Second Owner
Mahindra Thar,2012,202200.0,119883.0,Petrol,Dealer,Manual,Test Drive Car
Skoda Octavia,2017,,131370.0,Diesel,DEALER,Manual,First Owner
Tata Nexon,2009,69700.0,177550.0,Petrol,Individual,Automatic,Third Owner
Hyundai i20,2017,237200.0,91255.0,,Individual,Automatic,First Owner
Skoda Rapid,2012,267400.0,41017.0,Petrol,Individual,Automatic,First Owner
Chevrolet Beat,2013,117500.0,122681.0,Petrol,Individual,Manual,First Owner
Hyundai Venue,2007,82400.0,83843.0,Diesel,Individual,Manual,Second Owner
Renault Duster,2022,349200.0,82563.0,Diesel,Individual,Manual,First Owner
Honda City,2023,763700.0,61652.0,petrol,Dealer,Automatic,First Owner
Ford Aspire,2023,685700.0,60381.0,Petrol,Individual,Automatic,First Owner
Mercedes-Benz GLA,2017,2325800.0,79166.0,Petrol,Individual,Automatic,First Owner
Audi Q3,2013,835700.0,98950.0,Petrol,Individual,Manual,Second Owner
Maruti Vitara Brezza,2019,287700.0,113077.0,Diesel,Dealer,Automatic,Second Owner
Mahindra Bolero,2012,158300.0,155957.0,Petrol,Trustmark Dealer,Manual,First Owner
Renault Kwid,2010,70200.0,122908.0,PETROL,Individual,Manual,Second Owner
Renault Kwid,2006,54700.0,125047.0,Diesel,Dealer,Manual,First Owner
Ford Endeavour,2009,108000.0,87619.0,PETROL,Individual,MANUAL,First Owner
Audi A6,2009,612500.0,139392.0,electric,Individual,Manual,Second Owner
Nissan Terrano,2007,56600.0,104542.0,Petrol,Dealer,Manual,Third Owner
Hyundai Verna,2006,86200.0,109608.0,Petrol,Dealer,Automatic,First Owner
Toyota Fortuner,2022,593500.0,61477.0,Petrol, Trustmark Dealer ,Manual,Second Owner
Renault Kwid,2023,426600.0,53776.0,Petrol,Individual,Manual,First Owner
Toyota Etios,2005,96200.0,172273.0,Diesel, Individual ,Manual,First Owner
Skoda Octavia,2018,336300.0,94738.0,Petrol,Dealer,MANUAL,Second Owner
Tata Nexon,2021,330000.0,,Petrol,Dealer,Automatic,Second Owner
Renault Duster,2010,59000.0,143547.0,Petrol,Individual,Manual,Third Owner
Ford Figo,2023,442900.0,88708.0,Petrol,Individual, Manual ,Second Owner
Maruti Alto,2006,89700.0,46305.0,CNG,Individual,Automatic,First Owner
Audi A4,2019,1872900.0,120522.0,Petrol,Dealer,Manual,Test Drive Car
Toyota Innova,2012,134800.0,175092.0,LPG,Individual,Manual,First Owner
Hyundai Venue,2022,496700.0,52262.0,Petrol,Individual,Automatic,Second Owner
Nissan Sunny,2022,432500.0,80069.0,DIESEL,,Manual,First Owner
Volkswagen Ameo,2023,514200.0,18569.0,Petrol,Individual,Manual,Second Owner
Honda Amaze,2017,315500.0,21781.0,Petrol,Individual,Manual,Second Owner
Renault Triber,2012,92200.0,90378.0,Petrol,individual,Manual,Third Owner
Mahindra XUV300,2022,698100.0,7190.0,Diesel,, Automatic ,Second Owner
Volkswagen Polo,2021,577200.0,87567.0,electric,Individual,Manual,First Owner
Tata Nexon,2015,176700.0,115178.0,Petrol,Individual,manual,Test Drive Car
Chevrolet Cruze,2011,89700.0,118043.0,Diesel,Individual,Manual,Second Owner
Honda Civic,2016,256000.0,69197.0,,Individual,manual,First Owner
Hyundai Santro,2012,179800.0,76892.0,Petrol,Trustmark Dealer,Manual,First Owner
Maruti Vitara Brezza,2010,128900.0,122956.0,Electric,Individual,Automatic,First Owner
Volkswagen Vento,2011,85100.0,152603.0,Petrol,Individual,Manual,Third Owner
Honda Jazz,2010,133700.0,95767.0,Diesel,Individual,Manual,Second Owner
Chevrolet Beat,2006,76500.0,97253.0,Petrol,Dealer,Automatic,First Owner
Maruti Dzire,2017,196000.0,62596.0,Diesel,Dealer,Manual,Second Owner
Toyota Fortuner,2018,439200.0,66150.0,Diesel,Trustmark Dealer,Manual,Third Owner
Maruti WagonR,2011,89900.0,155715.0,Diesel,Dealer,Automatic,Third Owner
Mahindra XUV300,2023,553100.0,110381.0,Diesel,Individual,Manual,First Owner
Skoda Rapid,2007,110400.0,65165.0,Diesel,Individual,Manual,First Owner
Ford Figo,2016,139800.0,207284.0,LPG,Individual,Manual,First Owner
Chevrolet Beat,2009,95900.0,94454.0,diesel,Individual,Automatic,First Owner
Renault Kwid,2005,36600.0,185585.0,Diesel,Individual,Manual,Second Owner
Honda WR-V,2006,95000.0,106311.0,Petrol,Trustmark Dealer,Automatic,First Owner
Hyundai Verna,2023,395600.0,121617.0,CNG,,Manual,First Owner
Volkswagen Polo,2020,422300.0,30086.0,Diesel,Dealer,manual,Second Owner
BMW 3 Series,2012,808600.0,119831.0,Petrol,Individual,Automatic,First Owner
Mercedes-Benz E-Class,2021,3333800.0,83828.0,Electric,Individual,Manual,First Owner
Hyundai Creta,2022,490400.0,71878.0,Diesel,Dealer,Automatic,First Owner
Volkswagen Vento,2017,314900.0,45554.0,Diesel, Individual ,Manual,First Owner
BMW X1,2011,545600.0,129465.0,Petrol,Individual,MANUAL,Second Owner
Volkswagen Vento,2022,419800.0,109970.0,Diesel,Individual,Manual,Second Owner
Toyota Glanza,2005,84200.0,141735.0,Petrol,Dealer,Manual,First Owner
Tata Altroz,2023,358700.0,99112.0,Petrol,Individual,Manual,Second Owner
Tata Tiago,2013,107300.0,169539.0,Petrol,Individual,Manual,First Owner
Maruti Vitara Brezza,2017,231800.0,98621.0,Diesel,Individual,Automatic,First Owner
Mercedes-Benz E-Class,2016,1152700.0,141593.0,PETROL,Dealer, Manual ,First Owner
Toyota Glanza,2017,432400.0,65747.0,Diesel,Individual,Automatic,First Owner
Mahindra Scorpio,2009,120000.0,97066.0,Petrol,individual,automatic,First Owner
Mercedes-Benz E-Class,2013,986500.0,136011.0,Petrol,Individual,Automatic,First Owner
Renault Triber,2015,126300.0,119268.0,petrol,Dealer,manual,Second Owner
Honda City,2008,95800.0,160713.0,Diesel, Individual ,Manual,First Owner
Maruti Swift,2005,72400.0,120599.0, Diesel ,Trustmark Dealer,Automatic,First Owner
Mercedes-Benz E-Class,2021,2463000.0,64839.0,CNG,individual,Manual,First Owner
Honda Civic,2018,279900.0,119801.0,Diesel,Individual,Manual,Second Owner
Nissan Terrano,2005,59200.0,96267.0,Diesel,Individual,Manual,Second Owner
Audi A6,2007,322500.0,142863.0,LPG,Individual,Manual,First Owner
Toyota Etios,2008,113500.0,142161.0,petrol,Individual,Manual,First Owner
Volkswagen Ameo,2006,103000.0,93111.0,Electric,Individual,Manual,First Owner
Chevrolet Cruze,2013,133100.0,70317.0,Petrol,Individual,Manual,Second Owner
BMW X1,2012,901000.0,94024.0,Diesel,Individual,Automatic,First Owner
Hyundai Venue,2013,188100.0,99163.0,Diesel,DEALER,Manual,First Owner
Volkswagen Ameo,2014,203100.0,140933.0,Petrol,Dealer,Automatic,First Owner
Skoda Superb,2023,696500.0,13941.0,Petrol,Dealer,Manual,First Owner
Honda Civic,2006,65200.0,182101.0,DIESEL,Individual,Manual,First Owner
Audi Q3,2007,539200.0,62780.0,Diesel,Individual,Manual,First Owner
Tata Harrier,2014,191600.0,87393.0,Diesel,Dealer,Manual,Second Owner
Hyundai Verna,2018,269700.0,40192.0,Petrol,Individual,Manual,Third Owner
Mahindra XUV300,2011,204900.0,75325.0,Diesel,Individual, Automatic ,First Owner
Ford Aspire,2023,462000.0,141996.0,Petrol,Dealer,Manual,First Owner
Renault Kwid,2012,109200.0,106801.0,Petrol,DEALER,Manual,Second Owner
Nissan Sunny,2012,103200.0,127033.0,Petrol,Dealer,Manual,First Owner
Skoda Octavia,2019,336100.0,140157.0,Petrol,Individual,Manual,Second Owner
Maruti Vitara Brezza,2018,281000.0,101612.0,Diesel,dealer,Manual,Test Drive Car
Nissan Micra,2005,56400.0,150511.0,Diesel,Individual,MANUAL,First Owner
Volkswagen Polo,2023,709700.0,50323.0,petrol,Dealer,Manual,First Owner
Renault Kwid,2018,212000.0,73281.0,,Trustmark Dealer,Manual,Second Owner
Chevrolet Cruze,2017,176400.0,86272.0,Diesel,Individual,MANUAL,Second Owner
Hyundai Creta,2015,172000.0,41626.0,LPG,Individual,Manual,Second Owner
Toyota Etios,2007,79600.0,178042.0,CNG,Individual,Manual,Second Owner
Skoda Superb,2014,267400.0,122699.0,Diesel,Trustmark Dealer,Automatic,Second Owner
Toyota Glanza,2018,456500.0,74038.0,Diesel, Individual ,Automatic,Test Drive Car
Chevrolet Beat,2009,107300.0,78020.0,Petrol,Trustmark Dealer,Manual,First Owner
Honda Civic,2016,266300.0,78831.0,Diesel,Individual,Manual,First Owner
Audi Q3,2014,764600.0,169816.0,Diesel,Individual, Automatic ,Second Owner
Mercedes-Benz C-Class,2016,1558600.0,86489.0,Petrol,Trustmark Dealer,Manual,First Owner
Hyundai Verna,2005,46900.0,150019.0,Petrol,Individual,manual,Second Owner
Mahindra XUV300,2018,301400.0,115044.0,Petrol,Individual,Manual,Second Owner
Tata Harrier,2022,489800.0,36383.0,diesel,Dealer,Automatic,First Owner
Mahindra XUV300,2015,256000.0,101453.0,DIESEL,Dealer,Manual,First Owner
BMW 5 Series,2019,1846000.0,111291.0,Diesel,Dealer,Manual,First Owner
Skoda Rapid,2010,108700.0,187357.0,Petrol,Dealer,Manual,First Owner
Honda City,2023,676200.0,,Diesel,Dealer,Automatic,First Owner
Tata Harrier,2020,256000.0,88532.0,Petrol,Dealer,Manual,Second Owner
Maruti Baleno,2013,130800.0,85840.0,Petrol,Individual,AUTOMATIC,Fourth & Above Owner
Skoda Superb,2023,594300.0,87020.0,Petrol,Individual,Manual,Second Owner
Maruti Ertiga,2017,177900.0,99948.0,Petrol,,Manual,Third Owner
Ford Figo,2014,187600.0,84850.0,Petrol,Dealer,AUTOMATIC,Third Owner
Skoda Superb,2014,205500.0,97683.0,Petrol,Individual,Manual,Second Owner
Audi Q3,2018,1781200.0,53858.0,Petrol,INDIVIDUAL,Manual,First Owner
Mercedes-Benz E-Class,2013,798600.0,152359.0,Petrol,Dealer,Manual,Second Owner
Honda Amaze,2012,126000.0,180075.0,Diesel, Trustmark Dealer ,Manual,First Owner
Audi A4,2011,735700.0,128072.0,Diesel,Dealer,Automatic,First Owner
Chevrolet Cruze,2013,152100.0,127941.0,Electric,Dealer,Manual,First Owner
BMW 3 Series,2008,663700.0,64828.0,Petrol,Dealer,Manual,First Owner
Toyota Corolla,2019,524800.0,72809.0,Petrol,Trustmark Dealer,Manual,First Owner
Nissan Terrano,2013,121300.0,123215.0,Diesel,Individual,Manual,Second Owner
Renault Duster,2018,254100.0,58511.0,Diesel, Individual ,Manual,First Owner
Toyota Etios,2006,96500.0,176605.0,Diesel,Dealer,Automatic,Second Owner
Honda Civic,2015,235500.0,104313.0,Diesel,Individual,Automatic,Second Owner
Honda Civic,2007,101700.0,123957.0,Diesel,Dealer,AUTOMATIC,Second Owner
Renault Duster,2022,392900.0,83724.0,Diesel,Dealer,Automatic,Second Owner
BMW 5 Series,2008,692700.0,107155.0,Diesel,Trustmark Dealer,Manual,First Owner
Renault Kwid,2011,95900.0,114847.0,Petrol,Trustmark Dealer,Manual,First Owner
Volkswagen Ameo,2017,200800.0,117204.0,Diesel,Dealer,Manual,Third Owner
Maruti Swift,2017,244400.0,122352.0,Petrol,Trustmark Dealer,Automatic,Second Owner
Audi A6,2023,3305100.0,38019.0,Diesel,Dealer,Manual,Second Owner
Mercedes-Benz E-Class,2019,2166200.0,75037.0,Petrol,Individual,Automatic,Second Owner
Hyundai Venue,2005,69900.0,98020.0,Diesel,Individual,Automatic,Second Owner
Honda Civic,2010,135300.0,107582.0,Petrol,Individual,Automatic,Second Owner
Honda WR-V,2013,130200.0,138855.0,Petrol,Individual,Manual,Second Owner
Renault Kwid,2013,125500.0,117175.0, Diesel ,Dealer,Automatic,First Owner
Maruti Dzire,2006,58900.0,83769.0,Petrol,Dealer,Manual,Third Owner
Honda WR-V,2006,69900.0,99232.0,Petrol,Individual,Manual,Second Owner
Audi A4,2021,2612100.0,36602.0, Petrol ,Individual,Automatic,Second Owner
Maruti WagonR,2013,102200.0,114525.0,LPG,Trustmark Dealer, Manual ,First Owner
Chevrolet Cruze,2018,,90330.0,Petrol,Dealer,Manual,Second Owner
Nissan Terrano,2006,63900.0,101188.0,Petrol,Individual,Manual,First Owner
Toyota Corolla,2016,279000.0,,Diesel,Dealer,Manual,First Owner
Maruti Alto,2020,301600.0,40256.0,Petrol,Dealer,Manual,First Owner
Toyota Fortuner,2011,230800.0,95302.0,Diesel,Dealer,Manual,Test Drive Car
BMW X3,2007,312700.0,133982.0,Petrol,Individual,Manual,Second Owner
Honda City,2008,119500.0,111208.0,Petrol, Individual ,Automatic,First Owner
Mercedes-Benz E-Class,2014,957100.0,80228.0,LPG,Individual,Manual,Second Owner
Maruti Alto,2011,84500.0,109472.0, LPG ,Individual,Automatic,First Owner
Mercedes-Benz C-Class,2007,398700.0,172933.0,CNG,Dealer,Manual,First Owner
Nissan Micra,2013,106100.0,160493.0,Diesel,Individual,Manual,First Owner
Toyota Fortuner,2019,426000.0,77549.0,Petrol,Individual,Manual,First Owner
Skoda Octavia,2014,225900.0,93358.0,DIESEL,Dealer,Automatic,Fourth & Above Owner
Audi A6,2006,400600.0,141846.0,petrol,Dealer,Manual,First Owner
Ford Aspire,2016,261900.0,55903.0,Petrol,Individual,Manual,First Owner
Nissan Terrano,2022,387800.0,68786.0,Petrol,Individual,Manual,Second Owner
Volkswagen Ameo,2009,136000.0,61424.0,Diesel, Dealer ,Manual,First Owner
Hyundai i20,2011,126500.0,36028.0,Petrol,Individual,Manual,Second Owner
Audi A6,2021,2775600.0,3651.0,Petrol,Individual,Manual,First Owner
Toyota Fortuner,2017,296700.0,109882.0,Petrol,,Manual,Second Owner
Maruti WagonR,2012,137300.0,78835.0,Petrol,Dealer,Manual,First Owner
Hyundai i20,2007,86300.0,158135.0,Diesel,Individual,Automatic,First Owner
Audi A4,2010,554500.0,131565.0,Petrol,Individual,Automatic,Third Owner
Toyota Fortuner,2005,89600.0,98481.0,Diesel,Dealer,Manual,Second Owner
Chevrolet Spark,2023,472400.0,32415.0,Petrol,Dealer,Manual,First Owner
Mahindra Scorpio,2015,274300.0,120956.0,Petrol,Trustmark Dealer,Automatic,First Owner
BMW X1,2023,2980800.0,104773.0,Petrol,Dealer,Automatic,First Owner
Chevrolet Spark,2023,591000.0,45753.0,Diesel,Trustmark Dealer,Automatic,First Owner
Skoda Octavia,2022,412600.0,136638.0,Diesel,Individual,Manual,Third Owner
Nissan Micra,2009,78000.0,118502.0,Diesel,Dealer,Manual,
Nissan Micra,2023,484300.0,26385.0,Petrol,Individual,Manual,First Owner
Volkswagen Polo,2020,308100.0,95587.0,Diesel,Dealer,Manual,Third Owner
Skoda Rapid,2022,754100.0,18535.0,Petrol,Individual,Manual,First Owner
Toyota Corolla,2017,415500.0,71138.0,petrol,Individual,automatic,First Owner
Honda Jazz,2009,71700.0,175724.0,lpg,Individual,Manual,First Owner
Chevrolet Spark,2008,65900.0,139907.0,Petrol,Dealer,Manual,First Owner
BMW X1,2023,2396300.0,102034.0,Petrol,Individual,Manual,Second Owner
Hyundai Venue,2023,571400.0,500.0,Diesel,Individual,Manual,Third Owner
Ford EcoSport,2018,276900.0,67950.0,petrol,Dealer,Manual,Second Owner
Audi A6,2009,774800.0,73003.0,Diesel,Individual,Manual,First Owner
Skoda Octavia,2019,389700.0,49977.0,Petrol,Individual,Manual,Second Owner
Audi Q3,2006,457600.0,84195.0,Petrol,Individual,Manual,First Owner
Renault Triber,2010,64800.0,193655.0,Petrol,Dealer,Manual,First Owner
Ford Endeavour,2012,136600.0,112361.0,Petrol,Individual,Manual,First Owner
Maruti Baleno,2005,41100.0,146828.0,LPG, Individual ,manual,First Owner
Maruti Ertiga,2020,359800.0,83299.0,Diesel,Individual,Automatic,First Owner
Honda Jazz,2012,148300.0,118283.0,Diesel,Individual,Manual,First Owner
Ford Figo,2006,72400.0,132991.0,Petrol,,Manual,Second Owner
Honda Amaze,2007,84500.0,143900.0,Diesel,Individual,Manual,Second Owner
Volkswagen Ameo,2012,176400.0,116457.0,Petrol,Dealer,Automatic,First Owner
Volkswagen Ameo,2005,61700.0,134694.0,Petrol,Individual,Manual,First Owner
Audi Q3,2013,878700.0,106187.0, Petrol ,Individual,Automatic,Fourth & Above Owner
Skoda Superb,2014,270800.0,149961.0,Diesel,Individual,Automatic,First Owner
Skoda Superb,2006,98600.0,179809.0,petrol,dealer,Automatic,Second Owner
Toyota Corolla,2009,140500.0,127712.0,Petrol,Individual,Manual,First Owner
BMW X1,2015,1268500.0,61457.0,Petrol, Dealer ,Manual,First Owner
Toyota Innova,2018,458400.0,61326.0,Petrol,Trustmark Dealer,Manual,First Owner
Honda Jazz,2005,90000.0,148306.0,Petrol,Dealer,Automatic,First Owner
Renault Duster,2022,341400.0,81083.0,,Trustmark Dealer,Manual,Second Owner
Tata Tiago,2014,175900.0,75154.0,Petrol,Dealer,Manual,Second Owner
Mercedes-Benz C-Class,2016,1509700.0,77206.0,Petrol,trustmark dealer,Manual,First Owner
Nissan Terrano,2009,79300.0,145328.0,Diesel, Dealer ,Manual,First Owner
Nissan Micra,2014,124000.0,118988.0,LPG,DEALER,Manual,Second Owner
Tata Harrier,2010,82600.0,119307.0,CNG,Dealer,Manual,First Owner
Mahindra Thar,2006,93900.0,142057.0,Diesel,Individual,Manual,First Owner
Mahindra Bolero,2008,103900.0,130637.0,Diesel,Individual,Manual,Second Owner
BMW X3,2018,1547300.0,86564.0,Diesel,Dealer,Manual,First Owner
Nissan Sunny,2007,92300.0,129209.0,Diesel,Dealer,Automatic,First Owner
Skoda Rapid,2015,291200.0,95783.0,PETROL,Trustmark Dealer,Manual,Second Owner
Audi A4,2010,680700.0,86293.0, Diesel ,Individual,Manual,Second Owner
BMW 3 Series,2007,527400.0,78689.0, Diesel ,Dealer,Automatic,First Owner
Tata Safari,2012,98600.0,135542.0,Petrol,Individual,Manual,Second Owner
Toyota Glanza,2007,78700.0,137144.0,Petrol,Dealer,Manual,Third Owner
Mahindra Scorpio,2018,334100.0,91901.0,Diesel,Dealer,Manual,First Owner
Ford Endeavour,2018,387100.0,87408.0,Petrol,Dealer,Automatic,First Owner
Tata Nexon,2016,175500.0,50135.0,,Individual,Manual,Third Owner
Renault Triber,2006,53300.0,81466.0,Petrol,Individual,Manual,Second Owner
Mahindra Bolero,2006,111100.0,153505.0,Electric,Trustmark Dealer,Manual,Second Owner
Mahindra Thar,2007,111000.0,76935.0,Petrol,Individual,Manual,Second Owner
Mahindra XUV500,2023,650900.0,99762.0,Petrol,Trustmark Dealer,Manual,Second Owner
Skoda Octavia,2023,799300.0,,Petrol,Individual,Automatic,Second Owner
Chevrolet Spark,2014,141700.0,76385.0,LPG,Dealer,Automatic,First Owner
Mercedes-Benz GLA,2018,1860400.0,85832.0,Petrol,Individual,Manual,First Owner
Nissan Micra,2008,98600.0,57126.0,Petrol,Dealer,MANUAL,First Owner
Hyundai Venue,2007,62600.0,187740.0,DIESEL,Individual,Manual,First Owner
Hyundai i20,2017,231800.0,91840.0,Petrol,Dealer,Manual,Third Owner
Toyota Innova,2019,371200.0,133888.0,Petrol,Trustmark Dealer,Manual,Third Owner
Nissan Sunny,2019,372800.0,34522.0,Diesel,Dealer,Automatic,Second Owner
Audi A4,2020,2217100.0,67646.0,Petrol,Individual,Automatic,Third Owner
Ford EcoSport,2007,68400.0,141038.0,CNG,Trustmark Dealer,Manual,First Owner
Tata Harrier,2023,486700.0,13099.0,Petrol,Individual,Manual,First Owner
Skoda Octavia,2006,94200.0,110173.0, Petrol ,Individual,Manual,Second Owner
BMW 5 Series,2013,1005300.0,70961.0,LPG,Individual,Automatic,First Owner
Honda Amaze,2023,563800.0,50403.0,Diesel, Individual ,Manual,Third Owner
Volkswagen Ameo,2019,288100.0,94123.0,Diesel,Individual,Manual,Second Owner
Toyota Innova,2008,182000.0,67867.0,,Individual,Automatic,First Owner
Volkswagen Vento,2014,189600.0,123669.0,Petrol,Individual, Automatic ,Second Owner
Tata Tiago,2023,566600.0,36029.0,Diesel,Individual,Manual,First Owner
Tata Safari,2013,190200.0,60914.0, Petrol ,Dealer,Manual,First Owner
Maruti Vitara Brezza,2006,60500.0,115834.0,Petrol,Individual,Automatic,First Owner
Mahindra Scorpio,2020,531400.0,40087.0,Diesel,Dealer,Manual,First Owner
Tata Harrier,2021,363300.0,64847.0,Diesel,Individual,MANUAL,First Owner
Mercedes-Benz C-Class,2022,2265100.0,117886.0,Petrol,Individual,manual,Second Owner
Skoda Superb,2021,574600.0,22480.0,Petrol,INDIVIDUAL, Manual ,Second Owner
Ford Aspire,2010,103500.0,144865.0,Petrol,Individual,manual,First Owner
Honda City,2021,490400.0,91460.0,Petrol,Dealer,Automatic,Second Owner
Chevrolet Beat,2014,126000.0,80649.0,Diesel,Individual,Manual,Fourth & Above Owner
Renault Kwid,2023,337500.0,142951.0,Petrol,Dealer,Manual,First Owner
Audi A4,2006,356700.0,171599.0,Diesel,Individual,Manual,First Owner
Honda Jazz,2012,192100.0,92607.0,Diesel,Individual,Automatic,First Owner
Mercedes-Benz C-Class,2021,2768500.0,66090.0,Petrol,Dealer,Manual,First Owner
Mercedes-Benz C-Class,2013,1120200.0,77363.0,Diesel,Individual,Manual,First Owner
Skoda Rapid,2005,93400.0,157387.0,Petrol,Individual,Automatic,First Owner
BMW 3 Series,2022,2833800.0,54922.0,Diesel,Individual,Manual,First Owner
Toyota Etios,2010,136500.0,125577.0,Diesel,INDIVIDUAL,Manual,First Owner
BMW 5 Series,2018,1530400.0,82143.0,Petrol,Dealer,Manual,First Owner
Tata Tiago,2014,217200.0,95727.0,Electric,Individual,Manual,First Owner
Audi A4,2014,1054900.0,90637.0,Diesel,Individual,Manual,
Toyota Innova,2022,727100.0,79321.0,Diesel,Trustmark Dealer,Automatic,Second Owner
Maruti Ertiga,2009,88900.0,130423.0,Diesel,Individual,Manual,Second Owner
Hyundai Grand i10,2022,536500.0,69098.0,Petrol,Individual,Automatic,Second Owner
Volkswagen Vento,2014,221500.0,88613.0,Petrol,Individual,AUTOMATIC,First Owner
Ford EcoSport,2011,133500.0,117438.0,Petrol,Dealer,Manual,First Owner
Tata Tiago,2013,123400.0,160540.0,Petrol,Individual,Manual,First Owner
Volkswagen Polo,2019,336500.0,91803.0,Petrol,Individual,Manual,First Owner
Toyota Corolla,2018,269900.0,132622.0,PETROL,Individual,Manual,Second Owner
Mahindra XUV500,2023,698800.0,17897.0,petrol,Individual,Manual,First Owner
Mercedes-Benz E-Class,2017,1184500.0,153036.0,Diesel,Individual,Manual,Second Owner
Renault Duster,2016,226300.0,58357.0,Petrol,Individual,Manual,First Owner
Audi A6,2008,650400.0,,Diesel,Individual,Manual,First Owner
Skoda Octavia,2018,420500.0,108957.0,Diesel,Individual,Automatic,First Owner
Toyota Fortuner,2016,571700.0,64261.0, Electric ,trustmark dealer,automatic,Second Owner
Hyundai Verna,2017,197500.0,78016.0,Petrol,Individual,MANUAL,Third Owner
Audi A6,2014,976100.0,111215.0, Petrol ,Individual,Manual,Second Owner
Audi A4,2021,1875000.0,127809.0,CNG,Individual,Manual,First Owner
BMW 3 Series,2020,1317400.0,146729.0,Petrol,Dealer,Manual,Third Owner
Audi A4,2009,687300.0,,Petrol,Individual,Manual,First Owner
Honda Amaze,2007,82200.0,91182.0,Petrol,Individual,Manual,Third Owner
Tata Nexon,2012,155300.0,74355.0,Diesel,Dealer,Manual,First Owner
Skoda Superb,2006,94500.0,,Diesel,Dealer,Manual,
BMW X3,2010,535500.0,140190.0,CNG,Individual,Manual,First Owner
Mercedes-Benz C-Class,2006,579900.0,138836.0,Petrol,Trustmark Dealer,Automatic,First Owner
Hyundai Grand i10,2014,167100.0,135550.0,Diesel,Dealer,Manual,Test Drive Car
BMW X1,2005,229800.0,191699.0,Petrol,Individual,Manual,Second Owner
Volkswagen Vento,2014,223900.0,77466.0, Diesel ,Dealer,Manual,Test Drive Car
Mahindra Scorpio,2023,712000.0,23278.0,PETROL,Individual,Manual,First Owner
Maruti WagonR,2015,164400.0,117827.0,diesel,Individual,Manual,First Owner
Nissan Micra,2014,214000.0,91786.0,Petrol,Individual,Automatic,First Owner
Honda Jazz,2011,115800.0,66524.0,CNG,Individual,Manual,Third Owner
Mercedes-Benz E-Class,2009,722300.0,117760.0,CNG,Individual,Automatic,First Owner
Volkswagen Vento,2020,276700.0,81018.0,Diesel,Dealer,Manual,Fourth & Above Owner
Honda WR-V,2020,468000.0,92210.0, Diesel ,Dealer,Automatic,First Owner
Volkswagen Ameo,2010,144300.0,66239.0,PETROL,Individual,MANUAL,First Owner
Audi A6,2017,1371300.0,71529.0,Petrol,Individual,Manual,Second Owner
Toyota Etios,2006,81500.0,140563.0,CNG,Dealer,Manual,First Owner
Honda WR-V,2021,,92829.0,Petrol,Dealer,Manual,Second Owner
Honda Jazz,2016,257900.0,34337.0,lpg,Dealer,Manual,Second Owner
Mahindra Thar,2023,497400.0,129994.0,Petrol,Dealer,Manual,First Owner
Tata Harrier,2008,74300.0,136301.0,Diesel,Individual,Manual,First Owner
Toyota Innova,2015,165100.0,161594.0,CNG,Dealer,Manual,Second Owner
Volkswagen Polo,2009,111700.0,146601.0,Diesel,Trustmark Dealer,Manual,Test Drive Car
Toyota Etios,2019,487900.0,80456.0,Diesel,Individual,Manual,First Owner
Nissan Micra,2020,212400.0,146494.0,Diesel,Individual,automatic,Third Owner
Mercedes-Benz GLA,2008,562100.0,97742.0,Petrol,Individual,Manual,Second Owner
Audi A4,2020,2131800.0,87927.0,Petrol,Individual,Manual,Second Owner
Renault Triber,2011,91700.0,122539.0,Diesel,Dealer,Manual,Third Owner
BMW X1,2005,391200.0,150010.0,Diesel,Trustmark Dealer,Manual,First Owner
Chevrolet Beat,2018,253100.0,85807.0,Diesel,Dealer, Manual ,First Owner
Ford Endeavour,2022,429800.0,69373.0,LPG,Individual,AUTOMATIC,First Owner
Toyota Glanza,2008,136100.0,129540.0,Diesel,Dealer,Manual,First Owner
Volkswagen Polo,2015,320400.0,6233.0,Diesel,Dealer,Manual,First Owner
Nissan Terrano,2010,98600.0,76673.0,CNG,Dealer,Manual,First Owner
Mahindra Bolero,2010,158600.0,,Petrol,Dealer,Manual,Second Owner
Hyundai Creta,2011,147000.0,102652.0,Petrol,Dealer,Manual,First Owner
BMW 5 Series,2020,2410800.0,65734.0,Petrol,Dealer,MANUAL,First Owner
Hyundai i20,2013,142200.0,131395.0,Diesel,Individual,Manual,Second Owner
Ford Endeavour,2013,164600.0,67924.0,Petrol,Dealer,Manual,Second Owner
Ford Endeavour,2019,505600.0,84769.0,Electric,Dealer,Manual,Test Drive Car
Skoda Octavia,2018,364400.0,93567.0,Diesel,Individual,Manual,
Nissan Micra,2012,139100.0,50962.0,Diesel,Dealer,Manual,First Owner
Maruti Dzire,2007,82500.0,86637.0,Petrol,Dealer, Automatic ,First Owner
Mahindra XUV300,2006,80100.0,192905.0,Diesel,Individual,Manual,First Owner
Chevrolet Beat,2021,303000.0,59300.0,Petrol,,Manual,First Owner
Nissan Micra,2009,75200.0,142770.0,Petrol,Dealer,Manual,First Owner
Nissan Terrano,2020,314000.0,99582.0,Petrol,Trustmark Dealer,Automatic,Third Owner
Ford EcoSport,2007,99100.0,92454.0,,Individual,Manual,First Owner
Nissan Sunny,2012,130800.0,99771.0,petrol,Dealer,Automatic,First Owner
Hyundai i20,2019,429700.0,109603.0,Diesel,,Automatic,First Owner
Hyundai Grand i10,2021,493900.0,81910.0,Diesel, Dealer ,Manual,First Owner
Audi A4,2009,615600.0,63905.0,Petrol,Dealer,Manual,Second Owner
Honda WR-V,2015,227900.0,104652.0,Petrol,Individual,Manual,First Owner
Maruti Baleno,2012,77900.0,154883.0,Petrol,Individual,Manual,Third Owner
Maruti Vitara Brezza,2015,218100.0,9243.0,Petrol,DEALER,Manual,First Owner
Skoda Superb,2012,158400.0,162052.0,Petrol,Dealer,Manual,Second Owner
Renault Duster,2017,240100.0,21886.0,Diesel,Individual,Automatic,First Owner
Renault Triber,2007,57600.0,124230.0,Petrol,Dealer,Manual,
Renault Triber,2008,64800.0,163514.0,Petrol,Individual,Automatic,Second Owner
Toyota Glanza,2010,127600.0,136871.0,Diesel,Individual,Manual,First Owner
Renault Duster,2020,300600.0,46337.0,Petrol,Individual,Manual,Second Owner
Skoda Rapid,2012,207300.0,87856.0,Diesel,Dealer,Manual,First Owner
Maruti Ertiga,2022,405100.0,54832.0,CNG,Dealer,Manual,First Owner
Nissan Sunny,2006,60100.0,123542.0,Petrol,Dealer,Manual,Second Owner
Honda WR-V,2023,644800.0,41022.0,Diesel,Individual,Manual,First Owner
Skoda Octavia,2008,125300.0,141058.0,Petrol,Dealer,Manual,
Ford EcoSport,2011,143300.0,76589.0,Petrol,Individual,Automatic,
Hyundai Santro,2017,233100.0,39604.0,Petrol,Individual,Manual,First Owner
Ford Endeavour,2017,282900.0,106071.0,Petrol,Dealer,Manual,First Owner
Volkswagen Ameo,2009,100100.0,118027.0,Petrol,Trustmark Dealer,Manual,Second Owner
Hyundai Venue,2013,142300.0,107247.0,,Individual,Manual,First Owner
Toyota Fortuner,2007,107100.0,166138.0,Diesel,Dealer,Manual,First Owner
BMW 3 Series,2018,1609300.0,105689.0,Petrol,Individual,Manual,First Owner
Mahindra Scorpio,2018,357100.0,110105.0,Petrol,Dealer,Manual,First Owner
Skoda Octavia,2018,364400.0,93567.0,Diesel,Individual,Manual,
Nissan Terrano,2009,66200.0,179281.0,Diesel, Individual ,Manual,Test Drive Car
Mahindra XUV300,2020,446700.0,15179.0,Petrol,Trustmark Dealer,Manual,
Toyota Corolla,2010,231200.0,101889.0,Electric,TRUSTMARK DEALER,Manual,Second Owner
Hyundai Grand i10,2019,,80577.0,Petrol,Individual,Manual,Third Owner
Maruti WagonR,2007,67900.0,121549.0,Petrol,Trustmark Dealer,Automatic,Second Owner
Chevrolet Beat,2011,86500.0,150530.0,Petrol,Individual,Manual,First Owner
Mercedes-Benz GLA,2006,490000.0,104171.0,Diesel,Individual,manual,Second Owner
Skoda Superb,2022,779900.0,26406.0,Petrol,Individual,Automatic,First Owner
Skoda Superb,2015,268800.0,120838.0,Diesel,Dealer, Manual ,First Owner
Tata Safari,2023,552300.0,55138.0,Diesel,Dealer,Manual,Test Drive Car
Chevrolet Beat,2011,85000.0,147496.0,Petrol,individual,Manual,Second Owner
Renault Triber,2016,252500.0,65171.0,Diesel,Individual,Automatic,First Owner
Mahindra Thar,2022,684600.0,11701.0,Petrol,Dealer,Manual,First Owner
Toyota Glanza,2008,122500.0,128450.0,Petrol,Individual,Manual,First Owner
Maruti Alto,2007,58200.0,95639.0,Petrol,Individual,Automatic,Third Owner
BMW 5 Series,2022,1868100.0,81557.0,Petrol,Individual,Manual,Third Owner
Honda WR-V,2007,74700.0,139279.0,Petrol,Dealer,Manual,Second Owner
Honda WR-V,2006,80800.0,144803.0,Petrol,Individual,Manual,First Owner
Skoda Superb,2005,80800.0,97721.0,Petrol,Individual,MANUAL,Second Owner
Renault Kwid,2022,357100.0,117474.0,Diesel,Individual,Manual,First Owner
Maruti Swift,2018,234500.0,90603.0,petrol,Dealer,MANUAL,Second Owner
Renault Triber,2010,67900.0,131311.0,LPG,Trustmark Dealer,Manual,First Owner
Honda Amaze,2007,86900.0,128230.0,Petrol,Dealer,Manual,First Owner
Skoda Octavia,2023,481200.0,148714.0,Diesel,Individual,Manual,Second Owner
Mahindra Bolero,2020,535900.0,96218.0,Electric,Individual,Manual,Test Drive Car
Renault Duster,2021,257400.0,127822.0,,Individual,Manual,First Owner
Ford Figo,2008,100400.0,111293.0,Petrol,Dealer,Manual,First Owner
Renault Kwid,2023,357000.0,81524.0,Diesel,Individual,Manual,Second Owner
Maruti Alto,2014,134900.0,93485.0,LPG,Dealer,Manual,First Owner
Honda Civic,2015,314300.0,82426.0,Diesel,Dealer,Automatic,Second Owner
Nissan Sunny,2012,103000.0,128526.0,CNG,Trustmark Dealer,Manual,Second Owner
Skoda Octavia,2006,99600.0,161362.0,Petrol,Individual,Automatic,Test Drive Car
Toyota Etios,2009,119000.0,64853.0,Diesel,Individual,Manual,Third Owner
Renault Duster,2010,123100.0,79696.0,Diesel,Individual,Automatic,Second Owner
Toyota Glanza,2023,644100.0,105664.0,Petrol,Individual,Manual,First Owner
Mahindra XUV300,2020,583100.0,104585.0,Diesel,Dealer,Automatic,First Owner
Volkswagen Vento,2019,330200.0,78643.0,Diesel,Individual,Automatic,Third Owner
Renault Triber,2023,346700.0,124567.0,Diesel,,Manual,Test Drive Car
BMW 3 Series,2021,2607700.0,21753.0,,,Manual,First Owner
Skoda Rapid,2023,668400.0,89937.0,Petrol,Individual,Manual,
Maruti WagonR,2007,86800.0,52707.0,Petrol,Individual,Manual,First Owner
Honda Amaze,2023,563800.0,50403.0,Diesel, Individual ,Manual,Third Owner
Skoda Rapid,2016,313800.0,162191.0,Diesel,Dealer, Automatic ,First Owner
Mahindra Thar,2018,267100.0,,Petrol,Individual,MANUAL,Second Owner
Toyota Corolla,2014,217900.0,74567.0,Petrol,INDIVIDUAL,Manual,Third Owner
Volkswagen Polo,2011,131800.0,147666.0,Diesel,Individual,Automatic,First Owner
Nissan Sunny,2018,225600.0,125349.0,Diesel,INDIVIDUAL,Automatic,Second Owner
Tata Altroz,2013,139400.0,121518.0,Diesel,Trustmark Dealer,Manual,Second Owner
Chevrolet Cruze,2014,148600.0,131687.0,Diesel,individual,Automatic,First Owner
Ford Aspire,2023,639700.0,57588.0,Diesel,Dealer,Automatic,First Owner
Volkswagen Polo,2013,173100.0,110003.0,Diesel,Individual,Manual,First Owner
Hyundai Santro,2014,190600.0,121305.0,DIESEL,Individual,Manual,Test Drive Car
Chevrolet Beat,2014,138900.0,72590.0,Petrol,Dealer,Manual,First Owner
Maruti WagonR,2022,277900.0,101970.0,LPG,Dealer,Manual,Second Owner
Mahindra XUV300,2012,153800.0,157281.0,Diesel,Individual,Manual,First Owner
Maruti WagonR,2012,110600.0,97714.0,LPG,Dealer,Manual,First Owner
Tata Harrier,2018,235200.0,94686.0,Petrol,Dealer,Manual,Second Owner
Chevrolet Spark,2007,53900.0,117136.0,Petrol,Individual,MANUAL,First Owner
Nissan Micra,2023,393500.0,49830.0,Petrol,Dealer,Automatic,Fourth & Above Owner
Renault Triber,2021,260600.0,72832.0,Petrol,Individual,Manual,First Owner
BMW 3 Series,2016,1344200.0,91494.0,Petrol,Dealer,Manual,Second Owner
Tata Harrier,2006,72700.0,145675.0,Electric,Individual,Manual,Second Owner
Skoda Octavia,2020,592200.0,78052.0,,INDIVIDUAL,Automatic,First Owner
Tata Nexon,2007,65500.0,133751.0,Petrol,Individual,Manual,Second Owner
Audi A6,2013,731400.0,155562.0,Diesel,Dealer,Manual,Third Owner
Mercedes-Benz E-Class,2023,4710900.0,22956.0,Petrol,Individual,Automatic,First Owner
Mahindra XUV500,2009,115600.0,112442.0,Petrol,DEALER,Automatic,Third Owner
Audi A6,2017,1371300.0,71529.0,Petrol,Individual,Manual,Second Owner
Skoda Superb,2010,180900.0,123198.0,Diesel,Individual,Automatic,First Owner
Honda Jazz,2014,198000.0,111386.0,Petrol,Dealer,Manual,First Owner
BMW X1,2023,2481300.0,130239.0,Diesel,Individual,Manual,First Owner
Renault Duster,2020,350100.0,39718.0,Diesel,Individual,Manual,Test Drive Car
Nissan Sunny,2020,307800.0,104163.0,Diesel,Dealer,Manual,First Owner
Volkswagen Vento,2011,132300.0,88413.0,Petrol,Dealer,Manual,First Owner
Hyundai Verna,2016,206600.0,114313.0,Diesel,Trustmark Dealer,Manual,Second Owner
Tata Tiago,2005,57500.0,87826.0,CNG,Dealer,Manual,Third Owner
Volkswagen Ameo,2010,93900.0,127765.0,Petrol,Individual,MANUAL,Third Owner
Renault Kwid,2020,260100.0,50280.0,Petrol,Dealer,Manual,Third Owner
BMW X3,2023,2958100.0,145824.0,Diesel,Trustmark Dealer,Automatic,First Owner
Maruti Swift,2005,56000.0,78381.0,DIESEL,,Manual,First Owner
Renault Kwid,2016,203000.0,42562.0,Petrol,Individual,Automatic,First Owner
Hyundai Venue,2014,170100.0,117528.0,Petrol,Individual,Manual,First Owner
Ford EcoSport,2009,92000.0,159598.0,Petrol,INDIVIDUAL,Manual,First Owner
Maruti Dzire,2010,112300.0,49086.0,Diesel,Dealer,Manual,First Owner
Renault Duster,2021,321600.0,121569.0,Diesel,Trustmark Dealer,Manual,Test Drive Car
Hyundai Grand i10,2010,102500.0,175778.0,Petrol,Dealer,Automatic,First Owner
Chevrolet Spark,2011,82800.0,202674.0,Petrol,Dealer,Manual,First Owner
Chevrolet Beat,2008,58300.0,66193.0, CNG ,Dealer,Manual,Fourth & Above Owner
Renault Triber,2012,100900.0,62077.0,Petrol,Individual,Manual,Third Owner
Hyundai Santro,2023,566100.0,60345.0,Petrol,Individual,Manual,Test Drive Car
Nissan Micra,2014,157400.0,118971.0,Diesel,Individual,Manual,First Owner
Mahindra Scorpio,2023,950000.0,9846.0,Petrol,Dealer,Automatic,First Owner
Skoda Superb,2009,127100.0,129528.0,Petrol,Individual,Manual,First Owner
Volkswagen Vento,2011,121500.0,155223.0,Diesel,Dealer,Manual,Second Owner
Audi Q3,2015,1223100.0,119253.0,Diesel,Individual,Automatic,Second Owner
Skoda Superb,2021,963300.0,44416.0,Electric,Trustmark Dealer,Automatic,First Owner
BMW X1,2009,648900.0,98022.0,Diesel,Individual,Manual,Second Owner
Skoda Rapid,2017,,104489.0,Petrol,Dealer,Manual,First Owner
Honda WR-V,2013,145000.0,121200.0,LPG,Individual, Automatic ,Third Owner
Renault Triber,2011,94300.0,134096.0,Diesel,Dealer,Manual,Second Owner
Toyota Glanza,2011,161200.0,, Diesel ,Dealer,Manual,Third Owner
Chevrolet Cruze,2023,409300.0,23295.0,CNG,Dealer,manual,First Owner
Mercedes-Benz C-Class,2009,620600.0,156656.0,Petrol,Individual,Automatic,First Owner
Honda City,2023,788300.0,500.0,Diesel,Individual,Automatic,First Owner
Maruti Swift,2020,221800.0,124186.0,LPG,Individual,Manual,First Owner
Tata Altroz,2005,66500.0,160161.0,petrol,Individual,Automatic,First Owner
Volkswagen Polo,2008,120200.0,77896.0,Diesel,Individual,Automatic,Second Owner
Honda WR-V,2020,330200.0,123182.0,Petrol,Individual,Manual,First Owner
Toyota Etios,2015,304300.0,117003.0,Petrol,Dealer,Automatic,First Owner
Chevrolet Cruze,2011,80200.0,126972.0,Petrol,Individual,Automatic,Fourth & Above Owner
Renault Kwid,2005,55200.0,122123.0,Diesel,Individual,automatic,First Owner
Maruti Alto,2015,164000.0,65335.0,CNG,Trustmark Dealer,Manual,First Owner
BMW X1,2016,1021500.0,50802.0,Diesel,Dealer,Manual,Fourth & Above Owner
Chevrolet Beat,2012,90600.0,101071.0,CNG,Individual,Manual,Third Owner
Maruti Alto,2009,86600.0,106646.0,Petrol,Dealer,Manual,First Owner
Volkswagen Vento,2010,145800.0,110661.0,Petrol,,Manual,First Owner
Honda Jazz,2018,282000.0,128862.0,Diesel,Dealer,Automatic,Second Owner
Ford Figo,2009,74300.0,177325.0,Diesel,Individual,Manual,Second Owner
Mahindra Bolero,2018,485900.0,25102.0,Petrol,Dealer,Manual,First Owner
Chevrolet Spark,2019,196300.0,127156.0,Diesel, Individual ,Manual,Second Owner
Ford Endeavour,2010,128500.0,110059.0,Diesel,Individual,manual,First Owner
Ford EcoSport,2005,71300.0,66609.0,Diesel,Individual,Manual,Second Owner
Nissan Sunny,2020,242000.0,148666.0,Petrol, Individual ,Automatic,Second Owner
Maruti Baleno,2020,365900.0,30407.0,Petrol,Individual,Automatic,Second Owner
Skoda Superb,2019,361200.0,73788.0, Petrol ,Individual,Manual,First Owner
Chevrolet Cruze,2021,359700.0,83220.0,petrol,Individual, Automatic ,First Owner
Skoda Rapid,2007,83100.0,135000.0,LPG,Individual,Manual,First Owner
Maruti Alto,2019,268100.0,103712.0,Diesel,individual,Manual,First Owner
Volkswagen Ameo,2020,374400.0,80816.0,Diesel,Individual, Manual ,First Owner
Chevrolet Cruze,2017,186100.0,53990.0,Petrol,Individual,Manual,Second Owner
Nissan Sunny,2010,67100.0,180566.0,Diesel,Dealer,Manual,Second Owner
BMW 3 Series,2007,469800.0,94840.0,Petrol,Individual,Manual,Second Owner
Honda City,2012,186200.0,96531.0, Petrol ,Dealer,Automatic,First Owner
Mercedes-Benz E-Class,2011,745800.0,93415.0,PETROL,Dealer,Automatic,Fourth & Above Owner
Ford EcoSport,2010,146400.0,113570.0,Petrol,Dealer,Automatic,Test Drive Car
BMW 3 Series,2012,1041800.0,99840.0,Diesel,Individual,manual,Test Drive Car
Maruti Ertiga,2017,282700.0,74166.0,Petrol,Dealer,Automatic,Second Owner
Nissan Micra,2021,314900.0,63850.0,Petrol,Dealer,Manual,Third Owner
Maruti Ertiga,2017,203500.0,80109.0,Diesel,Dealer,Manual,Second Owner
Renault Triber,2018,278900.0,54249.0,Petrol,Individual,Automatic,Second Owner
Nissan Sunny,2017,134500.0,151722.0,Petrol,trustmark dealer,Manual,Fourth & Above Owner
Volkswagen Ameo,2023,415500.0,140119.0,CNG,Individual,Manual,First Owner
Maruti Dzire,2017,263700.0,118519.0,Electric,Trustmark Dealer,Manual,First Owner
Audi A6,2007,322500.0,142863.0,LPG,Individual,Manual,First Owner
Nissan Micra,2023,267600.0,146453.0,Petrol,Dealer,Manual,Third Owner
Renault Kwid,2012,114100.0,130728.0,Diesel,Dealer,Manual,First Owner
Renault Duster,2020,224000.0,58698.0,CNG,Dealer,manual,Second Owner
Hyundai Grand i10,2016,,106952.0,diesel,Dealer,Manual,Third Owner
Renault Triber,2011,78300.0,166287.0,Diesel,Individual,Manual,Second Owner
Maruti Dzire,2019,314200.0,81836.0,Diesel,Individual,manual,First Owner
Hyundai i20,2022,447400.0,58816.0,Petrol,Individual,Manual,First Owner
Mercedes-Benz E-Class,2023,2723200.0,112511.0,Petrol,Individual,Manual,First Owner
Audi A6,2010,707100.0,128633.0,PETROL,Dealer,Automatic,First Owner
BMW X3,2017,1528500.0,57766.0,Diesel,Individual,Automatic,Fourth & Above Owner
Renault Kwid,2023,441600.0,78686.0,Petrol,Trustmark Dealer,Manual,First Owner
Mahindra Scorpio,2020,332400.0,81067.0,CNG,Individual,Manual,Third Owner
Nissan Micra,2018,234400.0,133473.0, Diesel ,Dealer,Manual,First Owner
Nissan Micra,2006,57800.0,112102.0,petrol,Individual,Manual,Second Owner
Renault Duster,2015,165600.0,87168.0,Diesel,Dealer,Manual,First Owner
Maruti Baleno,2012,102800.0,96639.0,PETROL,Individual,MANUAL,Third Owner
Ford Endeavour,2012,191300.0,121607.0,Diesel,Individual,Automatic,Second Owner
Mahindra Scorpio,2012,179700.0,168960.0,Petrol,Individual,Automatic,First Owner
Mercedes-Benz C-Class,2018,1902500.0,108412.0,Petrol,Dealer, Manual ,First Owner
Mahindra Scorpio,2010,161200.0,89279.0,Petrol,Dealer,Manual,First Owner
Toyota Corolla,2021,580600.0,84635.0,,Individual,Manual,First Owner
Maruti Dzire,2014,147000.0,91405.0,Diesel,Individual,Manual,First Owner
Skoda Rapid,2020,574600.0,84402.0,Petrol,Individual,Automatic,First Owner
Skoda Superb,2013,203600.0,118685.0,Petrol,Dealer,Automatic,Third Owner
Honda Civic,2011,156500.0,112717.0,Petrol,Dealer,Manual,First Owner
Toyota Innova,2017,322900.0,89441.0,CNG,Individual,Automatic,Second Owner
Ford Figo,2020,408300.0,63031.0,Petrol,Dealer,Manual,First Owner
BMW X3,2019,1967600.0,91893.0,Diesel,INDIVIDUAL,Automatic,Second Owner
Audi A6,2017,914900.0,160865.0,CNG,Dealer,Manual,Third Owner
Renault Kwid,2007,61400.0,,Diesel,Individual,Automatic,Second Owner
Honda Jazz,2014,228500.0,27786.0,CNG,Individual,Manual,First Owner
Volkswagen Polo,2009,127600.0,100300.0,Petrol,Individual,Automatic,First Owner
Hyundai i20,2017,300900.0,67035.0,Petrol,Individual,Automatic,Second Owner
Tata Nexon,2015,214600.0,79214.0,Diesel,Individual,Automatic,Second Owner
Mahindra XUV300,2022,506000.0,93923.0,Petrol,Individual,Manual,First Owner
Ford EcoSport,2015,163800.0,94923.0,CNG,Dealer,Manual,Second Owner
Chevrolet Cruze,2011,110500.0,64327.0,Petrol,Individual,Manual,First Owner
Ford Figo,2020,480800.0,76115.0,Petrol,Trustmark Dealer,Automatic,First Owner
Skoda Rapid,2019,449100.0,38289.0,Diesel,DEALER,Automatic,Third Owner
Mercedes-Benz GLA,2011,803000.0,108664.0,Diesel,Individual,Manual,Second Owner
Nissan Micra,2012,135100.0,112060.0,Diesel,Individual,Automatic,First Owner
Honda Amaze,2012,124500.0,121601.0,Petrol,Individual,Manual,Third Owner
Maruti Vitara Brezza,2017,177500.0,95424.0,Petrol,Dealer,Manual,Third Owner
Skoda Rapid,2006,99600.0,118421.0,Petrol,Individual,Manual,First Owner
Audi A6,2005,454900.0,116594.0,Diesel,Individual,Automatic,First Owner
Toyota Innova,2017,447700.0,26479.0,Petrol,Individual,Manual,Second Owner
Tata Safari,2005,56900.0,130752.0,Petrol,Dealer,Manual,Second Owner
Honda Amaze,2020,494700.0,53620.0,Diesel,Dealer,Manual,First Owner
Hyundai i20,2010,114400.0,99546.0,Petrol,Dealer,Manual,First Owner
Hyundai i20,2009,76400.0,152439.0,Diesel,Individual,Manual,Second Owner
BMW 5 Series,2015,851200.0,131259.0,Diesel,Dealer,Manual,Third Owner
Nissan Micra,2015,166900.0,51596.0,Petrol,Dealer,Manual,
Ford Figo,2017,261900.0,103846.0,Diesel,Individual,Manual,First Owner
Maruti Ertiga,2019,266100.0,82670.0,CNG,Dealer,MANUAL,First Owner
Nissan Terrano,2014,169600.0,78026.0,Diesel,Dealer, Automatic ,Third Owner
Maruti Vitara Brezza,2017,,68248.0,Petrol,Individual,Automatic,Second Owner
Renault Kwid,2019,219200.0,125102.0,Diesel,Dealer,Manual,Second Owner
Ford Aspire,2007,72300.0,187143.0,Diesel,Dealer,Automatic,First Owner
Honda City,2011,176900.0,125478.0,Diesel,dealer,Automatic,First Owner
Maruti Baleno,2018,214200.0,123444.0,Diesel,Individual,Manual,First Owner
Chevrolet Beat,2016,184000.0,91343.0,Diesel,Dealer,Manual,First Owner
Hyundai Santro,2005,59200.0,133957.0,Diesel,Individual,Manual,First Owner
Honda Amaze,2005,75600.0,70544.0,Diesel,Individual,Manual,First Owner
Chevrolet Cruze,2021,287500.0,66933.0,Diesel,Trustmark Dealer,manual,Second Owner
Ford Aspire,2013,,112092.0,LPG,Individual,Manual,Second Owner
Audi A6,2023,2760700.0,101603.0,Petrol,Dealer,Manual,Second Owner
BMW 3 Series,2007,412200.0,133597.0,Petrol,Individual,Manual,First Owner
Honda Civic,2020,327200.0,91614.0,Petrol,Individual,Manual,First Owner
Skoda Rapid,2023,670300.0,63709.0,Petrol,Dealer,Manual,First Owner
Toyota Etios,2010,136500.0,125577.0,Diesel,INDIVIDUAL,Manual,First Owner
Volkswagen Ameo,2005,65900.0,120529.0,diesel,Individual,Manual,Second Owner
Toyota Corolla,2011,182100.0,82486.0,Diesel,Individual,Manual,First Owner
Mercedes-Benz GLA,2010,588800.0,167442.0,Diesel,dealer,Manual,Second Owner
Toyota Etios,2021,515300.0,60539.0, Petrol ,Trustmark Dealer,Manual,Fourth & Above Owner
Audi A4,2020,1870300.0,56589.0,Petrol,Trustmark Dealer,Manual,Third Owner
Maruti Alto,2013,159100.0,2432775.0,Petrol,Dealer,Manual,First Owner
Skoda Superb,2007,154600.0,88864.0,Petrol,Dealer,Automatic,Test Drive Car
Nissan Micra,2017,236600.0,62940.0,Petrol,Dealer,Automatic,First Owner
Ford Endeavour,2019,285700.0,58619.0,petrol,Dealer,Manual,Fourth & Above Owner
Chevrolet Beat,2020,356200.0,84705.0,Diesel,Individual,Automatic,First Owner
Ford EcoSport,2014,214000.0,95948.0, Diesel ,Trustmark Dealer,Manual,Second Owner
Mercedes-Benz C-Class,2023,2588200.0,122072.0,Diesel,Individual,Manual,Second Owner
Hyundai i20,2018,309900.0,98163.0,Petrol,Trustmark Dealer,Manual,First Owner
Maruti WagonR,2021,300100.0,81149.0,Diesel,Individual,Manual,Third Owner
Tata Harrier,2009,110600.0,87006.0,Diesel,individual,Manual,First Owner
BMW X3,2013,845500.0,127590.0,Petrol,Dealer,Manual,Second Owner
Mahindra Thar,2009,120200.0,118473.0,Petrol,Individual,Manual,First Owner
Mahindra Scorpio,2018,284900.0,116057.0,CNG,Individual,Automatic,Third Owner
Toyota Etios,2020,559000.0,81350.0,Diesel,Dealer,Manual,First Owner
Ford EcoSport,2020,375100.0,94295.0,Diesel,Individual,Manual,Second Owner
Mercedes-Benz GLA,2007,498600.0,143820.0,Petrol,Dealer,Manual,First Owner
Mahindra Bolero,2006,67800.0,188471.0,Petrol,Dealer,Manual,Third Owner
Renault Duster,2017,207100.0,3093.0,LPG,Dealer,Manual,First Owner
BMW X1,2014,929300.0,87566.0,LPG,Dealer,Manual,First Owner
Chevrolet Spark,2007,51600.0,124709.0,Petrol,Trustmark Dealer,Automatic,Fourth & Above Owner
Renault Duster,2013,124400.0,113878.0,Petrol,Trustmark Dealer,Manual,Third Owner
Mahindra Thar,2016,363200.0,26510.0,CNG,Dealer,Automatic,Second Owner
BMW 5 Series,2007,437700.0,105867.0,Diesel,Dealer, Manual ,Second Owner
Ford EcoSport,2008,44600.0,185199.0,LPG,Dealer,Manual,Fourth & Above Owner
Ford Figo,2022,486900.0,96411.0,Diesel,Trustmark Dealer,Automatic,Second Owner
Renault Kwid,2008,55200.0,162453.0,Diesel,Trustmark Dealer,Manual,Third Owner
Honda Civic,2008,118700.0,93497.0, Diesel ,Individual,MANUAL,First Owner
Maruti Ertiga,2020,,86579.0,Diesel,Dealer,Manual,Second Owner
Maruti Vitara Brezza,2020,434400.0,3024.0,Diesel,INDIVIDUAL, Manual ,First Owner
Chevrolet Spark,2011,,138119.0,Diesel,Individual,Manual,First Owner
Ford Endeavour,2021,462800.0,36801.0,Petrol,Individual,Manual,Second Owner
Hyundai Santro,2011,122200.0,84694.0,Petrol,Individual,Manual,Second Owner
Renault Triber,2018,258700.0,57045.0,CNG,Dealer,Automatic,First Owner
Honda WR-V,2008,80500.0,152319.0,,Trustmark Dealer,Manual,Second Owner
Renault Kwid,2008,60300.0,120478.0,Petrol,Individual,Manual,First Owner
Mercedes-Benz C-Class,2009,956100.0,96243.0,Electric,Individual,Manual,First Owner
Mercedes-Benz E-Class,2020,2688200.0,41182.0,Diesel,Individual,Manual,First Owner
Renault Kwid,2007,78100.0,69043.0,Petrol,Dealer,MANUAL,Second Owner
Volkswagen Ameo,2021,268400.0,142122.0,Diesel,Individual,Manual,Second Owner
